,time,frame,person_id,nose_x,nose_y,left_eye_x,left_eye_y,right_eye_x,right_eye_y,left_ear_x,left_ear_y,right_ear_x,right_ear_y,left_shoulder_x,left_shoulder_y,right_shoulder_x,right_shoulder_y,left_elbow_x,left_elbow_y,right_elbow_x,right_elbow_y,left_wrist_x,left_wrist_y,right_wrist_x,right_wrist_y,left_hip_x,left_hip_y,right_hip_x,right_hip_y,left_knee_x,left_knee_y,right_knee_x,right_knee_y,left_ankle_x,left_ankle_y,right_ankle_x,right_ankle_y
1,2022-11-10 12:26:03.032138,1,2,0,0,0,0,0,0,942.23,222.18,0,0,945.45,249.21,944.9,247.91,960.19,283.86,0,0,966.93,315.64,0,0,939.11,318.83,951.72,319.2,915.84,364.08,962.8,358.75,0,0,990.76,402.51
8,2022-11-10 12:26:15.791870,2,2,0,0,0,0,0,0,937.08,223.16,0,0,940.01,250.93,939.69,249.31,952.7,285.96,0,0,960.06,317.11,0,0,932.96,320.67,940.96,319.19,912.31,366.06,957.9,359.66,0,0,986.63,404.73
15,2022-11-10 12:26:28.601177,3,2,0,0,0,0,0,0,932.25,222.97,0,0,936.07,250.09,932.2,248.8,945.13,284.05,0,0,953.64,317.28,0,0,927.18,319.14,930.91,319.26,912.32,365.89,948.35,360.05,0,0,979.71,403.26
22,2022-11-10 12:26:41.410160,4,2,0,0,0,0,0,0,926.86,224.02,0,0,928.73,250.79,930.42,248.64,934.9,291.2,0,0,0,0,0,0,919.38,320.83,930.01,321.18,908.64,369.63,938.66,363.98,0,0,971.32,399.84
28,2022-11-10 12:26:53.122332,5,2,0,0,0,0,0,0,0,0,0,0,922.33,249.98,926.12,248.2,924.05,287.42,0,0,0,0,0,0,913.27,323.3,922.12,324.62,908.87,376.93,0,0,0,0,0,0
35,2022-11-10 12:27:07.046214,6,2,0,0,0,0,0,0,0,0,0,0,919.48,250.95,921.04,249.69,921.27,287.08,0,0,0,0,0,0,910.78,321.54,912.23,321.69,0,0,0,0,0,0,0,0
42,2022-11-10 12:27:20.900701,7,2,0,0,0,0,0,0,909.28,223.29,0,0,914.94,251.15,918.04,249.18,914.11,287.19,0,0,0,0,0,0,908.26,313.98,912.39,312.11,903.39,361.97,904.69,359.91,0,0,0,0
54,2022-11-10 12:27:46.424543,8,2,0,0,0,0,0,0,903.5,222.78,0,0,906.8,248.55,911.47,246.71,903.51,281.98,0,0,892.68,309.85,0,0,902.58,310.96,900.98,310.73,898.56,366.8,882.22,357.93,0,0,0,0
60,2022-11-10 12:27:59.253641,9,2,0,0,0,0,0,0,900.26,223,0,0,901.91,248.77,909.11,247.42,896.26,284.18,0,0,881.93,315.86,0,0,897.86,316.13,897.29,315.72,898.12,362.99,873.13,355.17,0,0,0,0
68,2022-11-10 12:28:14.118515,10,2,0,0,0,0,0,0,895.89,222.92,0,0,897.49,247.63,907.9,247.56,891.59,277.22,0,0,880.94,299.56,0,0,894.45,314.75,893.57,313.65,896.85,364.16,866.55,349.91,0,0,880.67,393.21
77,2022-11-10 12:28:30.049442,11,2,0,0,0,0,0,0,891.46,223.27,0,0,892.83,247.22,903.93,246.74,885.19,277.9,911.07,283.25,871.61,298.66,910.69,312.92,891.2,312.8,887.96,311.72,895.89,364.1,863.18,350.7,0,0,868.97,397.25
86,2022-11-10 12:28:48.050241,12,2,0,0,0,0,0,0,885.04,226.78,0,0,887.3,250.33,901.59,250.34,879.18,282.81,907.57,285.99,860.9,300.93,907.53,317.11,883.27,313.14,892.28,313.52,860.09,351.61,895.7,362.03,855.13,402.78,906.09,399.73
95,2022-11-10 12:29:06.104865,13,2,0,0,0,0,0,0,879.1,228.28,0,0,879.75,251.93,896.28,251.46,869.49,285.25,902.92,284.75,850.83,299.54,904.13,316.25,875.76,312.02,888.35,311.81,856.14,352.55,890.14,358.82,843.15,400.68,902.98,399.7
102,2022-11-10 12:29:23.968028,14,2,0,0,0,0,0,0,875.21,229.58,0,0,874.57,253.72,890.73,253.71,861.84,285.59,900.26,286.88,842,296.74,901.93,317.56,873.01,318.41,877.31,317.7,886.79,360.12,848.2,357.21,903.91,400.55,831.08,402.91
107,2022-11-10 12:29:39.917977,15,2,0,0,0,0,0,0,866.36,230.96,0,0,868.05,253.51,885.26,254.47,855.01,286.03,895.78,289.52,827.03,305.09,898.18,320.72,866.19,323.88,871.76,326.12,843.28,363.43,0,0,820.32,406.91,0,0
111,2022-11-10 12:29:54.725904,16,2,0,0,0,0,0,0,860.65,232.79,0,0,860.49,255.92,878.94,256.37,848.29,286.71,888.83,292.23,817.47,304.43,892.65,321.2,857.35,322.79,868.67,323.98,834.36,359.79,878.16,361.63,816.71,404.6,895.81,396.27
116,2022-11-10 12:30:08.498368,17,2,0,0,0,0,0,0,853.89,232.85,0,0,855.72,254.43,871.88,256.49,842.39,285.78,881.66,291.29,812.43,303.42,887.66,322.1,850.2,324.53,862.11,323.9,829.04,358.9,875.95,367.13,811.78,408.08,0,0
121,2022-11-10 12:30:22.422632,18,2,0,0,843.05,228,0,0,849.02,231.54,0,0,848.28,255.6,865.47,256.54,837.84,287.11,873.86,291.34,808.91,303.6,881.31,321.84,842.14,319.16,854.85,319.28,823.04,355.28,868.13,363.57,809.65,407.19,889.05,400.1
125,2022-11-10 12:30:35.291533,19,2,0,0,0,0,0,0,842.05,230.41,0,0,840.18,252.25,857.89,254.08,831.7,283.73,867.42,288.95,806.47,305.45,872.51,322.82,834.52,311.59,846.03,313.43,817.36,352.65,856.51,359.78,810.08,404.49,881.26,398.57
129,2022-11-10 12:30:47.109441,20,2,0,0,830.42,226.58,0,0,836.88,229.49,0,0,835.07,251.91,851.83,254.18,827.3,282.18,857.83,289.23,803.68,305.67,863.76,319.4,828.2,311.85,840.35,312.85,814.67,353.64,847.72,361.78,807.74,405.26,873.25,399.54
134,2022-11-10 12:30:58.901592,21,2,0,0,0,0,0,0,831.38,229.09,0,0,830.21,252.35,845.62,253.77,822.66,284.46,848.95,291.35,800.94,309.41,0,0,825.89,312.78,828.41,311.7,832.55,362.24,808.78,355.22,865.43,400.63,807.39,407.5
138,2022-11-10 12:31:10.664379,22,2,0,0,0,0,0,0,824.03,231.08,0,0,824.81,253.35,838.14,253.99,819.13,285.76,0,0,801.41,308.64,0,0,822.55,311.99,823.99,311.86,821.77,366.13,805.81,358.7,855.44,404.27,805.97,410.99
142,2022-11-10 12:31:22.361870,23,2,0,0,0,0,0,0,818.32,232.41,0,0,820.17,255.59,831.17,256.35,814.93,288.17,0,0,799.36,314.59,0,0,815.48,317.06,821.09,315.92,804.82,366.55,808.87,365.27,805.35,412.67,839.59,402.26
147,2022-11-10 12:31:35.139030,24,2,0,0,0,0,0,0,811.94,234.66,0,0,813.92,258.42,825.25,257.67,811.23,290.54,0,0,797.79,318.39,0,0,808.02,320.06,815.88,317.47,794.49,364.47,801.77,364.05,808.03,411.39,825.11,404.08
153,2022-11-10 12:31:48.942490,25,2,0,0,0,0,0,0,0,0,0,0,810.18,257.24,820.32,257.51,808.73,290.32,0,0,796.96,319.95,0,0,803.78,319.91,813.29,317.65,784.96,361.34,801.2,365.64,809.42,406.43,810,410.87
159,2022-11-10 12:32:02.772764,26,2,0,0,0,0,0,0,802.95,234.93,0,0,806.26,259.49,815.91,259.16,805.02,292.18,0,0,795.39,322.38,0,0,797.84,319.4,808.11,317.93,781.67,360.39,799.98,364.58,801.3,407.56,805,414.48
165,2022-11-10 12:32:17.784840,27,2,0,0,0,0,0,0,0,0,0,0,805.42,260.28,811.5,258.5,804.1,293.52,0,0,795.25,323.65,0,0,794.41,321.52,801.71,320.33,776.92,360.39,800.38,366.74,789.46,412.78,808.36,415.37
173,2022-11-10 12:32:34.878204,28,2,0,0,0,0,0,0,799.22,236.95,0,0,801.21,261.24,807.96,259.44,801.8,294.73,0,0,0,0,0,0,790.22,325.51,799.84,324.22,771.63,360.75,800.49,367.23,776.18,410.87,809.61,413.65
180,2022-11-10 12:32:50.922843,29,2,0,0,0,0,0,0,794.17,238.85,0,0,797.76,263.09,805.1,260.6,800.12,296.48,0,0,0,0,0,0,785.95,325.42,797.14,324.27,767.33,361.53,800.13,368.46,767.63,397.06,810.51,414.78
187,2022-11-10 12:33:06.963407,30,2,0,0,0,0,0,0,789.83,242.99,0,0,792.45,267.34,798.73,264.79,799.17,299.1,0,0,800.03,330.45,0,0,782.37,329.43,791.17,330.02,764.05,370.92,798.54,373.9,758.25,407.25,810.27,415.71
193,2022-11-10 12:33:21.913442,31,2,0,0,0,0,0,0,785.32,244.82,0,0,789.94,269.62,792.71,267.96,796.53,301.11,0,0,797.64,330.74,0,0,779.34,332.81,788.89,332.15,760.67,370.35,797.66,374.99,752.3,401.11,810.48,416.08
200,2022-11-10 12:33:35.909391,32,2,0,0,0,0,0,0,780.46,245.4,0,0,787.05,270.99,785.82,269.18,794.64,302.13,0,0,798.94,333.4,0,0,774.52,337.13,783.26,336.51,755.72,378.09,798.41,377.23,0,0,810.65,412.17
205,2022-11-10 12:33:49.920742,33,2,0,0,0,0,0,0,777,244.91,0,0,781.31,271.2,788.06,268.14,789.99,302.67,0,0,791.48,331,0,0,770.38,333.39,783.09,333.18,752.25,374.04,794.56,374.85,745.01,400.91,810.81,410.83
211,2022-11-10 12:34:06.010350,34,2,0,0,0,0,0,0,774.2,244.02,0,0,776.94,269.5,782.56,266.98,780.37,299.85,0,0,786.6,329.27,0,0,766.26,331.64,777.73,331.69,749.06,372.05,791.18,373.78,742.32,404.16,809.58,409.59
218,2022-11-10 12:34:22.182804,35,2,0,0,0,0,0,0,0,0,0,0,772.67,268.29,772.97,266.57,777.01,298.85,0,0,781.33,327.66,0,0,762.78,332.97,769.02,331.47,0,0,781.6,368.44,0,0,806.47,405.78
224,2022-11-10 12:34:38.375805,36,2,0,0,0,0,0,0,0,0,0,0,768.37,266.32,771.61,264.09,772.04,301.61,0,0,0,0,0,0,754.42,330.61,764.77,330.38,743.2,375.27,776.83,371.22,735.1,416.92,802.94,407.14
231,2022-11-10 12:34:56.506249,37,2,0,0,0,0,0,0,0,0,0,0,763.7,266.49,771.66,263.25,765.26,295.93,0,0,0,0,0,0,752.95,324.59,764.22,324,744.23,373.38,762.65,364.55,0,0,0,0
238,2022-11-10 12:35:14.723829,38,2,0,0,0,0,0,0,0,0,0,0,759.45,265.77,767.55,263.03,762.4,299.8,0,0,0,0,0,0,749.68,325.5,757.17,324.37,743.98,372.95,757.92,370.38,0,0,0,0
246,2022-11-10 12:35:33.881295,39,2,0,0,0,0,0,0,0,0,0,0,756.18,265.29,765.45,262.32,755.91,300.08,0,0,0,0,0,0,747.04,328.05,0,0,0,0,0,0,0,0,0,0
254,2022-11-10 12:35:55.223462,40,2,0,0,0,0,0,0,749.09,241.51,0,0,751.75,264.19,761.86,262.86,750.73,294.57,0,0,0,0,0,0,742.95,328.15,749.33,323.64,0,0,0,0,0,0,0,0
263,2022-11-10 12:36:16.413856,41,2,0,0,0,0,0,0,744.06,242.9,0,0,746.81,265.45,757.44,263.91,743.34,298.03,0,0,735.54,331.97,0,0,739.28,324.64,0,0,0,0,0,0,0,0,0,0
272,2022-11-10 12:36:37.584104,42,2,0,0,0,0,0,0,0,0,0,0,740.84,265.19,755.11,267.36,736.23,297.11,0,0,721.31,329.55,0,0,727.9,336.74,733.73,338.4,0,0,0,0,0,0,0,0
281,2022-11-10 12:36:57.645129,43,2,0,0,0,0,0,0,733.87,244.18,0,0,735.5,265.31,750.71,266.72,729.04,296.38,0,0,714.35,324.22,0,0,728.19,325.97,733.13,326.52,730.06,368.95,715.09,365.94,0,0,0,0
289,2022-11-10 12:37:18.015619,44,2,0,0,0,0,0,0,730.36,245.26,0,0,730.26,265.55,747.54,268.24,723.22,295.67,744.75,300.86,707.02,321.54,0,0,721.35,327.76,733.1,328.43,729.74,372.51,0,0,736.67,410.27,0,0
299,2022-11-10 12:37:38.290276,45,2,0,0,0,0,0,0,0,0,0,0,726,265.53,745.04,270.65,719.44,293.17,745.09,302.66,704.63,315.37,742.14,329.21,719.8,325.84,729.18,325.56,728.48,373.55,0,0,0,0,0,0
307,2022-11-10 12:37:56.345336,46,2,0,0,0,0,0,0,0,0,0,0,721.26,267.64,734.92,269.55,710.56,298.49,0,0,690.33,322.43,0,0,721.34,338.76,710.72,338.28,728.99,380.33,700.36,373.09,737.64,413.09,695.99,407.37
315,2022-11-10 12:38:12.403387,47,2,0,0,0,0,0,0,717.75,248.24,0,0,715.21,267.87,735.55,271.39,708.1,294.65,741,305.81,695.08,311.18,737.41,330.67,711.81,323.15,722.91,323.8,725.18,375.1,697.43,369.67,736.2,412.56,681.49,408.87
323,2022-11-10 12:38:28.472131,48,2,0,0,0,0,0,0,711.53,249.73,0,0,709.86,269.21,729.73,271.81,702.51,296.19,735.06,303.54,691.16,312.32,0,0,707.56,319.74,717.2,321.1,718.76,371.6,692.42,371.22,737.56,411.64,672.37,410.11
332,2022-11-10 12:38:45.544418,49,2,0,0,0,0,0,0,705.69,251.54,0,0,703.44,271.02,723.95,273.67,693.82,302.32,731.13,304.46,674.91,322.67,730.35,326.92,700.24,325.56,711.76,326.23,686.33,378.11,719.89,380,663.86,415.25,735.6,414.26
341,2022-11-10 12:39:02.604425,50,2,0,0,0,0,0,0,701.33,252.64,0,0,698.8,272.96,720.42,275.82,690.3,302.11,724.99,305.32,669.52,317.03,726.98,332.92,697.37,328.25,706.43,329.25,714.55,376.89,681.03,374.8,736.18,412.1,662.01,416.93
349,2022-11-10 12:39:20.593147,51,2,0,0,0,0,0,0,697.29,251.67,0,0,694.49,271.78,715.45,274.39,686.59,303.59,722.66,304.36,667.86,315.82,723.23,330.27,691.96,326.8,705.94,328.12,680.26,368.05,0,0,0,0,0,0
357,2022-11-10 12:39:38.663423,52,2,0,0,0,0,0,0,693.79,251.19,0,0,692.16,270.31,712,272.84,685.19,300.1,721.87,303.43,666.92,315.35,0,0,689.37,322.55,700.56,323.18,704.81,373.65,673.59,369.24,727.21,409.23,662.72,418.48
365,2022-11-10 12:39:54.684212,53,2,0,0,0,0,0,0,0,0,0,0,687.49,270.15,706.92,273.66,681.28,299.48,712.66,306.96,663.93,317.09,711.94,329.11,683.94,324.86,696.03,326.48,700.33,374.56,0,0,718.31,406.05,0,0
374,2022-11-10 12:40:11.752779,54,2,0,0,0,0,0,0,685.09,249.08,0,0,682.78,269.17,702.36,273.56,676.39,300.05,706.9,306.42,661.07,319.65,707.75,328.19,679.66,322.83,690.34,322.9,690.34,376.67,669.39,372.81,713.92,407.76,662.09,419.44
383,2022-11-10 12:40:29.946698,55,2,0,0,0,0,0,0,0,0,0,0,679.12,269.77,698.92,273.43,674.06,299.25,700.15,302.69,660.49,320.37,0,0,676.4,326.41,687.78,327.55,681.07,379.99,669.34,378.82,709.12,406.93,663.85,421.46
392,2022-11-10 12:40:49.177364,56,2,0,0,0,0,0,0,0,0,0,0,677.83,269.68,694.29,272.25,671.62,299.77,0,0,656.16,324.6,0,0,672.55,328.31,683.93,327.65,670.67,375.75,668.74,374.86,697.17,404.69,665.15,416.16
400,2022-11-10 12:41:08.253706,57,2,0,0,0,0,0,0,0,0,0,0,673.38,270.28,690.28,272.44,668.76,301.3,0,0,655.46,328.99,0,0,669.81,324.89,681.89,325.75,662.88,371.99,666.44,372.45,687.75,406.12,665.18,417.88
416,2022-11-10 12:41:45.518256,58,2,0,0,0,0,0,0,0,0,0,0,665.79,270.87,681.63,274.62,664.18,300.8,0,0,651.9,330.16,0,0,658.24,330.75,671.6,330.54,643.29,365.65,662.58,372.99,663.59,405.23,665.65,413.67
424,2022-11-10 12:42:03.735079,59,2,0,0,0,0,0,0,0,0,0,0,663.59,269.63,675.69,269.87,661.99,300.39,0,0,650.13,327.35,0,0,655.51,323.85,665.76,323.86,637.57,362.47,661.14,370.32,654.43,406.83,664.31,412.95
432,2022-11-10 12:42:24.014943,60,2,0,0,0,0,0,0,0,0,0,0,660.38,270.62,668.73,269.72,657.98,302.11,0,0,649.87,328.53,0,0,652.19,327.21,661.1,325.61,633.24,361.17,657.18,372.76,641.65,408.47,0,0
440,2022-11-10 12:42:44.318191,61,2,0,0,0,0,0,0,0,0,0,0,654.6,269.85,663.85,269.83,654.72,300.83,0,0,0,0,0,0,644.04,328.04,656.11,326.58,628.23,362.9,655.35,371.74,632.38,409.96,664.09,415.01
448,2022-11-10 12:43:04.411061,62,2,0,0,0,0,0,0,650.42,251.3,0,0,650.62,272.11,659.6,271.96,651.98,301.64,0,0,649.98,329.7,0,0,641.18,330.6,651.17,331.2,624.22,365.33,654.4,373.81,622.65,410.48,663.66,415.59
454,2022-11-10 12:43:23.544286,63,2,0,0,0,0,0,0,647.03,254.29,0,0,648.41,276.39,657.33,274.45,651.03,306.5,0,0,647.55,337.37,0,0,638.43,333.71,647.95,332.85,622.03,367.06,651.86,374.3,613.26,412.77,663.12,416.85
461,2022-11-10 12:43:42.759938,64,2,0,0,0,0,0,0,0,0,0,0,643.36,278.74,652.67,277.43,647.08,309.63,0,0,0,0,0,0,633.75,336.64,644.46,336.57,618.55,372.54,648.94,375.48,605.91,412.25,663.15,418.46
469,2022-11-10 12:44:02.053221,65,2,0,0,0,0,0,0,636.34,257.96,0,0,638.47,281.5,652.26,279.72,644.27,309.53,0,0,0,0,0,0,630.08,334.26,642.45,334.6,613.82,374.64,643.43,372.7,599.89,414.01,662.27,416.65
476,2022-11-10 12:44:20.165017,66,2,0,0,0,0,0,0,630.81,260.85,0,0,634.02,283.46,648.45,281.21,638.85,310.54,0,0,0,0,0,0,624.22,337.54,636.46,337.58,608.57,378.37,643.77,378.49,595.1,416.66,661.29,418.74
482,2022-11-10 12:44:37.144892,67,2,0,0,0,0,0,0,0,0,0,0,631.22,283.26,643.44,281.98,635.61,309.4,0,0,0,0,0,0,619.98,336.82,632,336.73,607.09,376.93,640.46,378.35,592.78,417.37,660.01,418.09
488,2022-11-10 12:44:54.231724,68,2,0,0,0,0,0,0,624.14,261.36,0,0,625.12,285.29,635.73,282.54,630.92,311.76,0,0,0,0,0,0,613.08,341.81,626.34,341.04,602.66,378.98,636.51,377.7,594.32,418.69,655.47,418.28
495,2022-11-10 12:45:11.477568,69,2,0,0,0,0,0,0,620.66,259.71,0,0,621.96,281.94,631.63,279.8,624.01,308.66,0,0,0,0,0,0,606.54,338.22,619.5,338.42,598.88,377.32,625.29,375.04,593.25,416.78,648.87,414.72
502,2022-11-10 12:45:28.635431,70,2,0,0,0,0,0,0,0,0,0,0,617.12,280.73,625.16,279.81,618.26,313.89,0,0,615.99,340.77,0,0,600.89,341.77,612.75,341.07,596.3,381.74,615.94,377.82,593.22,418.63,642.11,410.37
509,2022-11-10 12:45:45.849718,71,2,0,0,0,0,0,0,0,0,0,0,612.41,282.79,623.73,283,610.52,314.98,0,0,0,0,0,0,598.18,341.02,607.89,340.71,594.25,380.87,607.8,378.49,592.31,418.59,634.16,409.49
517,2022-11-10 12:46:01.885745,72,2,0,0,0,0,0,0,607.98,259.06,0,0,608.15,282.45,621.53,281.46,606.42,315.83,0,0,599.62,347.15,0,0,596.4,342.56,605.36,342.31,591.66,382.33,601.46,380.24,591.8,420.23,626,409.06
525,2022-11-10 12:46:18.010476,73,2,0,0,0,0,0,0,604.73,259.16,0,0,604.22,281.62,619.2,281.63,599.52,313.19,615.65,312.8,590.28,340.32,0,0,594.89,339.47,605.25,339.43,589.65,379.27,597.22,378.23,591.29,420.38,617.13,409.16
533,2022-11-10 12:46:35.188212,74,2,0,0,0,0,0,0,600.18,259.21,0,0,600.42,280.73,614.42,280.89,598.14,311.28,0,0,0,0,0,0,590.82,336.67,597.55,336.48,587.61,377.92,587.76,376.43,593.09,419.59,603.23,411.22
540,2022-11-10 12:46:51.235624,75,2,0,0,0,0,0,0,596.29,259.94,0,0,595.41,281.48,612.38,280.9,589.88,309.96,611.68,313.48,579.65,339.52,607.87,339.27,587.7,332.18,598.18,332.68,584,376.83,587.1,375.31,590.58,419.19,592.56,413.99
547,2022-11-10 12:47:08.387427,76,2,0,0,0,0,0,0,591.28,260.1,0,0,590.51,280.35,609.63,281.53,583.51,308.81,607.9,312.34,572.29,332.9,606.28,338.23,583.59,332.88,592.97,333.39,581.35,378.86,576.86,376.36,588.89,421.21,584.35,418.22
555,2022-11-10 12:47:25.579459,77,2,0,0,0,0,0,0,587.55,259.93,0,0,586.05,279.75,607.42,282.46,579.5,306.42,607.16,312.81,568.53,328.22,606.13,337.84,580.78,330.6,591.13,331.63,581.16,378.93,568.83,370.38,588.09,421.33,573.86,414.64
563,2022-11-10 12:47:43.821155,78,2,0,0,0,0,0,0,585.2,260.62,0,0,583.44,279.63,604.32,282.4,577.02,305.6,606.48,312.79,562.66,328.77,605.4,338.85,578.78,329.32,590.18,330.55,581.49,377.27,567.13,370.07,588.89,423.1,565.57,416.55
570,2022-11-10 12:48:02.023821,79,2,0,0,0,0,0,0,581.2,260.86,595.78,260.78,580.33,280.23,601.6,282.34,572.77,308.01,605.28,313.99,557.34,329.12,605.03,339.2,577.21,329.62,588,330.71,581.31,379.03,566.53,372.69,589.69,421.71,558.46,414.73
577,2022-11-10 12:48:19.074989,80,2,0,0,0,0,0,0,578.93,260.83,0,0,576.84,280.62,599.69,282.63,569.82,305.64,600.71,312.94,557.35,322.93,601.56,338.82,574.47,329.41,586.29,329.06,580.91,379.15,564.18,375.88,589.92,421.35,552.88,413.78
586,2022-11-10 12:48:38.206934,81,2,0,0,0,0,0,0,575.78,261.63,0,0,574.18,280.93,596.45,283.4,565.3,308.49,600.01,314.53,549.02,325.8,601.04,340.43,571.21,330.03,582.83,330.18,579.24,379.79,562.59,378.88,590.6,421.73,548.08,416.01
596,2022-11-10 12:48:57.390790,82,2,0,0,0,0,0,0,573.41,262.98,587.98,263.76,570.11,282.23,594.94,285.75,562.32,307.89,598.44,314.65,547.26,322.39,600.53,341.08,567.97,332.74,580.53,334.05,579.7,381.3,559.33,380.58,591.82,419.68,546.29,415.83
605,2022-11-10 12:49:15.681055,83,2,0,0,0,0,0,0,571.14,263.13,585.96,263.19,567.54,282.09,591.75,285.51,557.2,308.89,595.71,315.29,538.82,325.75,599.15,341.28,565.35,329.46,579.1,331.07,576.14,379.71,557.78,378.42,592.38,418.55,544.59,416.76
614,2022-11-10 12:49:33.959394,84,2,0,0,0,0,0,0,569.43,262.86,583.07,262.98,566.18,281.29,588.75,284.57,555.03,309.86,592.39,314.5,537.87,325.97,596.86,340.22,562.01,331.29,574.76,332.26,577.43,381.93,555.21,379.74,590.9,417.42,544.79,416.39
622,2022-11-10 12:49:52.125894,85,2,0,0,0,0,0,0,567,261.05,0,0,562.81,280.3,586.08,283.29,552.23,308.94,590.85,313.44,533.17,327.53,594.37,339.02,560.54,332.32,572.55,332.74,575.52,381.95,553.15,379.34,589.32,417.94,544.41,416.74
630,2022-11-10 12:50:11.365889,86,2,0,0,0,0,0,0,564.22,259.73,0,0,561.57,278.36,583.36,281.76,552.12,305.65,586.51,312.03,533.86,323.61,590.65,338.85,558.16,327.09,571.3,328.33,569.25,377.12,554.15,372.91,586.35,415.42,543.52,416.28
637,2022-11-10 12:50:30.601588,87,2,0,0,0,0,0,0,561.11,259.58,575.28,259.86,557.54,278.22,580.23,282.14,549.04,304.97,582.41,310.68,533.47,324.38,584.94,338.26,555.15,326.65,567.26,326.75,562.76,376.67,551.22,374.53,583.18,414.5,543.83,415.57
644,2022-11-10 12:50:48.707187,88,2,0,0,0,0,0,0,557.18,259.15,0,0,554.31,278.13,576.17,280.58,546.62,305.88,578.68,310.57,530.26,327.03,580.76,337.55,551.01,326.46,565.28,327.22,555.69,374.36,550.83,373.69,576.99,412.23,543.64,417
652,2022-11-10 12:51:05.824579,89,2,0,0,0,0,0,0,556.11,260.62,569.97,260.96,553.19,279.74,574.8,283.12,545.29,307.63,576.14,313.92,529.55,332.37,576.14,338.79,548.65,329.15,562.28,330.79,548.71,377.53,549.02,376.13,572.29,411.99,544.81,417.63
662,2022-11-10 12:51:25.169847,90,2,0,0,0,0,0,0,554.98,260.93,0,0,551.48,280.57,573.75,284.15,546.17,309.38,574.43,314.08,529.88,333.81,574.12,336.23,548.7,331.5,561.84,332.81,544.73,377.11,548.59,376.23,567.44,413.99,546.64,417.87
671,2022-11-10 12:51:44.426261,91,2,0,0,0,0,0,0,554.99,262.46,0,0,551.96,282.1,572.69,284.91,547.49,310.93,572.38,315.06,533.9,334.87,570.07,340.97,549.81,335.03,562.61,335.41,539.92,378.2,551.75,379.84,0,0,560.66,415.35
679,2022-11-10 12:52:04.793837,92,2,0,0,0,0,0,0,555.92,264.35,0,0,554.17,283.23,574.52,287.06,549.07,312.71,570.93,314.25,538.06,339.49,0,0,551.28,332.73,565.11,334.21,539.49,374.72,553.05,376.51,556.81,412.67,554.6,418.36
689,2022-11-10 12:52:26.128519,93,2,0,0,0,0,0,0,557.24,262.03,0,0,553.25,281.38,572.49,283.16,549.12,313.16,569.49,309.94,539.16,342.13,0,0,549.68,332.45,562.78,333.43,536.06,372.53,552.81,374.69,553.8,406.08,553.32,416.24
698,2022-11-10 12:52:47.736603,94,2,0,0,0,0,0,0,551.71,262.8,0,0,552.24,282.99,569.78,284.3,550.98,309.57,566.65,309.48,0,0,0,0,547.65,336.2,560.87,334.83,531.43,373.04,552.34,374.43,548.69,413.83,552.81,416.03
706,2022-11-10 12:53:09.204327,95,2,0,0,0,0,0,0,550.12,264.01,0,0,552.42,283.52,568.54,284.61,550.08,311.23,565.9,310.56,541.79,340.34,0,0,547.52,335.25,560.12,334.29,529.85,373.41,552.74,375.55,541.4,413.9,555.2,417.9
715,2022-11-10 12:53:31.818633,96,2,0,0,0,0,0,0,550.26,266.63,0,0,551.31,285.89,567.49,285.8,549.63,314.68,0,0,542.34,343.69,0,0,546.94,340.2,559.84,338.47,529.6,375.48,554.7,379.2,538.17,416.86,555.58,422.14
724,2022-11-10 12:53:52.239665,97,2,0,0,0,0,0,0,551.07,267.65,0,0,552.52,287.38,566.99,287.56,551.69,315.24,0,0,546.34,342.49,0,0,547.3,340.66,560,340.4,531.34,376.74,556.9,379.84,534.47,422.96,559.82,424.85
733,2022-11-10 12:54:12.765838,98,2,0,0,0,0,0,0,551.24,268.24,0,0,552.52,288.2,566.08,287.77,552.21,316.64,0,0,545.68,344.24,0,0,546.35,343.23,558.92,342.9,532.49,379.21,557.05,383.85,531.35,424.39,560.93,425.24
743,2022-11-10 12:54:34.116087,99,2,0,0,0,0,0,0,547.35,268.38,0,0,549.21,287.76,562.83,287.26,549.24,315.99,0,0,543.35,343.95,0,0,543.46,343.11,554.88,341.65,531.79,382.92,555.23,384.1,525.25,423.56,559.29,424.19
753,2022-11-10 12:54:55.591280,100,2,0,0,0,0,0,0,546.82,268.41,0,0,548.12,288.16,562.67,286.76,548.09,314.74,0,0,0,0,0,0,541.93,342.79,555.25,341.33,532.27,386.4,555.73,382.4,525.32,424.48,561.63,421.39
761,2022-11-10 12:55:17.089056,101,2,0,0,0,0,0,0,544.44,266.22,0,0,546.7,286.77,560.77,285.42,548.28,312.45,0,0,0,0,0,0,540.35,342.61,552.04,342.35,532.85,385.46,555.01,382.51,525.2,422.94,561.76,420.67
769,2022-11-10 12:55:38.249592,102,2,0,0,0,0,0,0,541.29,268.73,0,0,543.9,289.64,558.02,288.53,546.06,316.35,0,0,540.2,343.44,0,0,537.55,346.44,549.26,344.28,530.16,388.73,553.5,385.41,524.45,426.04,560.8,423.74
778,2022-11-10 12:56:00.691083,103,2,0,0,0,0,0,0,541.22,268.74,0,0,542.13,290.85,555.77,288.06,542.21,316.85,0,0,0,0,0,0,533.78,347.24,546.72,345.58,529.42,389.41,551.91,385.69,524.55,424.66,560.79,421.42
786,2022-11-10 12:56:23.211309,104,2,0,0,0,0,0,0,541.31,266.66,0,0,542.7,288.93,554.24,287.27,542.74,316.14,0,0,0,0,0,0,534.73,344.65,546.61,343.67,530.41,385.78,550.86,382.7,527.12,424.49,560.6,420.17
794,2022-11-10 12:56:44.684058,105,2,0,0,0,0,0,0,539.32,268.25,0,0,542.51,288.84,552.92,286.41,542.35,317.05,0,0,0,0,0,0,534.07,346.69,543.43,344.88,529.92,386.07,547.96,382.3,527.1,423.76,560.44,420.22
802,2022-11-10 12:57:06.115418,106,2,0,0,0,0,0,0,537.9,269.37,0,0,540,289.26,549.79,287.31,539.04,318.11,0,0,0,0,0,0,531.77,345.09,542.46,343.41,528.64,387.31,544.4,383.79,526.55,424.84,558.7,421.51
810,2022-11-10 12:57:28.449039,107,2,0,0,0,0,0,0,535.57,267.78,0,0,538.59,289.59,546.63,287.74,537.11,319.32,0,0,0,0,0,0,530.4,346.94,537.94,345.79,528.83,388.24,537.42,383.73,524.99,426.22,555.95,417.59
819,2022-11-10 12:57:50.925335,108,2,0,0,0,0,0,0,534.33,267.95,0,0,537.47,288.24,544.25,286.47,535.4,317.89,0,0,0,0,0,0,527.49,350.5,533.47,348.87,526.82,389.26,528.98,386.78,523.98,426.73,0,0
829,2022-11-10 12:58:12.259176,109,2,524.63,268.3,526.99,265.38,0,0,534.36,267.39,0,0,536.67,287.7,538.78,286.16,534.18,319.53,0,0,525.55,349.23,0,0,527.49,344.58,528.88,343.83,526.65,385.07,525.55,384.15,525.05,424.38,546.64,414.19
838,2022-11-10 12:58:31.650629,110,2,524.04,268.95,526.97,265.91,0,0,535.43,268.43,0,0,536.43,287.71,534.91,286.94,533.23,318.09,0,0,525.85,344.66,0,0,528.67,341.03,523.98,340.16,526.47,385.27,515.86,379.17,525.07,426.23,540.67,411.34
848,2022-11-10 12:58:51.950394,111,2,523.63,269.73,526.78,266.81,0,0,535.97,268.78,0,0,536.72,288.82,534.69,286.57,533.13,318.4,0,0,524.68,343.85,0,0,527.82,342.04,522.53,341.13,526.59,385.24,512.69,378.39,525.98,426.55,539,414.12
855,2022-11-10 12:59:12.209059,112,2,524.3,268.26,526.8,265.05,0,0,535.3,266.96,0,0,536.46,287.31,534.45,286.46,532.92,317.09,0,0,523.02,342.13,0,0,528.36,339.97,522.39,338.74,526.67,383.38,512.4,374.86,527.79,423.62,533.62,410.82
864,2022-11-10 12:59:33.607008,113,2,523.72,265.79,526.13,262.54,0,0,533.89,264.95,0,0,537.67,285.76,533.77,284.12,533.67,314.81,0,0,523.77,340.27,0,0,529.42,340.06,521.13,339.14,526.81,382.2,511.94,373.7,525.11,423.61,531.3,407.13
874,2022-11-10 12:59:55.072351,114,2,522.91,264.04,525.29,261.06,0,0,533.47,263.5,0,0,538.45,283.99,532.89,281.92,534.28,312.51,527.2,308.15,525.87,336.91,0,0,529.05,338.86,520.35,337.41,527.03,380.39,510.58,371.72,527.32,422.59,521.28,416.16
882,2022-11-10 13:00:13.455799,115,2,521.82,262.2,524.15,258.83,0,0,532.45,261.19,0,0,537.86,281.43,534.02,279.91,533.95,310.18,0,0,523.94,333.85,0,0,529.18,334.38,520.79,333.14,528.84,376.58,508.43,369.35,530.74,416.96,517.71,409.87
890,2022-11-10 13:00:31.789204,116,2,521.1,260.15,523.78,256.83,0,0,531.78,258.1,0,0,537.45,277.99,531.76,277.8,534.3,307.12,525.19,305.26,522.45,330.93,0,0,530.42,330.98,520.29,329.79,529.53,372.84,508.34,366.99,529.44,413.65,513.38,408.67
899,2022-11-10 13:00:49.895514,117,2,520.18,256.15,523.01,252.79,0,0,532.08,254.22,0,0,537.91,273.94,529.57,273.89,534.68,303.59,0,0,522.64,327.45,0,0,529.18,329.98,517.38,328.77,529.29,371.09,508.38,366.95,529.5,411.11,506,409.16
906,2022-11-10 13:01:08.084867,118,2,518.72,253.09,522.02,249.87,0,0,531.08,251.51,0,0,535.83,272.19,524.75,271.91,533.63,301.62,519.11,300.64,521.45,328.23,0,0,527.66,326.23,516.1,325.01,526.72,368.07,507.1,367.02,526.57,409.03,501.5,408.56
917,2022-11-10 13:01:28.259783,119,2,0,0,0,0,0,0,0,0,0,0,536.29,271.14,521.94,271.44,534.66,300.65,517.22,298.41,520.15,323.29,0,0,529.2,323.74,514.71,322.76,528.04,366.39,506.52,364.71,526.68,408.1,499.48,407.35
926,2022-11-10 13:01:47.472604,120,2,0,0,0,0,0,0,0,0,0,0,536.53,269.67,520.97,270.34,536.33,299.02,0,0,521.5,323.66,0,0,529.19,322.37,514.5,321.01,528.55,364.92,506.86,362.86,528.58,407.61,500.3,405.97
937,2022-11-10 13:02:06.643044,121,2,0,0,0,0,0,0,531.29,252.93,0,0,538.06,270.94,519.65,271.31,539.01,299.9,0,0,524.75,321.53,0,0,530.83,324.59,514.76,324.48,530.73,364.61,508.61,362.89,531.01,408.04,502.22,407.59
948,2022-11-10 13:02:26.804595,122,2,520.47,250.86,523.99,247.89,0,0,532.67,251.81,0,0,540.27,270.96,520.14,272.23,541.61,299.99,0,0,524.93,322.61,0,0,531.69,321.82,515.67,320.5,532.03,362.72,509.91,362.31,532.72,407.17,503.8,407.51
959,2022-11-10 13:02:46.972591,123,2,521.47,250.3,525.16,247.1,520.15,247.11,533.7,250.94,0,0,540.32,271.25,518.33,271.49,544.78,299.27,0,0,526.4,322.76,0,0,533.19,323.86,515.22,322.49,533.69,364.42,509.85,362.43,533.61,406.77,503.94,408.32
969,2022-11-10 13:03:05.129553,124,2,519.98,252.36,523.52,248.98,518.7,248.62,531.53,251.68,0,0,539.44,272.59,515.8,272.6,546.69,297.89,0,0,529.7,320.31,0,0,532.19,324.08,513.87,323.01,532.47,363.74,509.59,363.85,533.37,409.28,502.92,408.31
979,2022-11-10 13:03:22.141596,125,2,518.2,253.03,522.39,250.14,516.93,249.85,530.13,253.86,0,0,538.37,274.54,514.72,274.36,548.76,299.94,509.12,299.34,529.65,319.07,0,0,530.12,326.39,512.67,325.47,530.91,365.59,507.82,366.09,531.58,411.34,501.32,410.61
989,2022-11-10 13:03:39.235779,126,2,518.49,254.79,522.7,251.76,516.87,251.7,530.23,255.21,0,0,537.43,276.26,513.23,276.3,550.92,298.81,506.95,302.12,532.7,316.68,0,0,529.5,328.09,511.44,327.12,530.78,369.03,508.18,369.24,531.63,412.55,501.16,412.68
1000,2022-11-10 13:03:57.502897,127,2,518.96,256.56,522.9,253.31,517.7,253.14,530.13,257.08,0,0,538.06,277.18,512.72,277.77,554.06,297.91,506.37,303.07,535.87,310.02,0,0,529.41,328.72,511.99,327.98,531.42,369.1,508.71,369.95,532.76,413.79,502.05,412.6
1011,2022-11-10 13:04:15.842896,128,2,519.63,258.26,523.64,254.85,518.23,254.93,531.4,258.33,0,0,539.55,278.96,513.3,279.09,557.17,297.75,505.19,304.35,539.29,310.96,0,0,530.39,330.91,511.97,330.05,533.03,370.87,508.8,371.29,533.75,415.13,503.33,413.81
1021,2022-11-10 13:04:35.207717,129,2,520.31,259.17,524.19,255.7,518.6,255.95,531.68,258.71,0,0,539.48,279.45,513.5,279.96,558.45,297.15,505.68,304.08,539.41,311.97,0,0,530.55,330.05,512.42,330.11,533.25,371.11,509.57,372.15,534.15,414.69,503.94,414.36
1031,2022-11-10 13:04:53.486813,130,2,519.12,260.96,522.95,258.01,517.37,257.81,529.79,261.46,0,0,538.22,281.36,511.4,282.37,558.84,297.51,505.04,307.12,540.13,311.01,0,0,530.13,331.26,512.14,331.19,531.74,372.65,508.41,373.28,533.15,417.74,502.72,416.09
1041,2022-11-10 13:05:11.715705,131,2,516.9,262.43,521.07,259.14,515.47,258.89,528.91,262.75,0,0,536.5,283.5,510.25,284.42,559.32,296.91,503.93,306.61,538.76,311.6,0,0,528.86,333.71,511.2,333,530.57,373.93,507.73,374.01,531.57,419.42,502.09,418.15
1052,2022-11-10 13:05:33.011525,132,2,516.8,263.3,520.95,260.08,514.95,259.86,528.65,263.79,0,0,536.29,284.32,509.79,284.95,558.54,298.07,502.14,304.98,538.19,313.06,509.45,315.89,528.59,334.24,510.97,333.93,530.06,374.72,507.1,375.35,531.43,419.96,501.99,419.3
1064,2022-11-10 13:05:53.413069,133,2,516.89,265.51,521.11,262.38,515.23,262.17,528.84,265.92,0,0,536.1,286.98,509.78,286.97,557.83,299.16,501.92,307.05,536.82,312.81,509.31,317.99,529.12,338.09,511.28,337.35,530.62,377.35,506.66,377.47,531.53,421.39,502.52,420.21
1071,2022-11-10 13:06:12.622809,134,2,517.01,266.97,521.22,263.83,515.38,263.58,528.61,267.74,0,0,536.25,287.93,510.29,288.28,558.55,301.47,501.77,307.43,535.63,315.2,509.05,318.08,528.85,342.12,510.81,342.04,531.38,378.95,506.99,380.42,532.03,422.98,502.12,423.56
1078,2022-11-10 13:06:31.779090,135,2,517.66,269.37,521.8,266.32,515.85,266.34,529.2,269.92,0,0,536.44,290.14,510.54,290.39,558.97,303.8,501.58,308.83,536.66,317.68,509.9,320.19,529.65,340.84,512.34,340.37,531.88,379.88,508.19,381.13,531.55,425.96,502.51,425.1
1086,2022-11-10 13:06:52.996007,136,2,517.21,270.89,521.44,267.78,515.63,267.63,529.3,271.61,0,0,537.12,292.47,510.47,292.28,559.29,306.94,501.32,309.98,537.26,320.08,509.25,323.87,529.82,343.36,512,342.85,531.74,381.93,508.33,383.15,532.67,426.58,502.5,426.84
1093,2022-11-10 13:07:14.255324,137,2,516.21,273.73,520.46,270.35,514.36,270.32,528.09,273.66,0,0,535.62,293.83,509.71,294.7,556.89,309.08,500.27,312.66,537,322.13,507.68,325.86,527.82,344.58,511.18,343.56,530.77,384.4,507.6,386.05,531.45,428.75,501.78,428.19
1102,2022-11-10 13:07:35.649465,138,2,514.34,274.47,518.66,271.13,512.68,271.02,526.11,275.05,0,0,534.12,295.33,507.46,295.56,555.09,311.04,498.9,314.23,532.87,324.78,506.11,326.78,526.66,344.28,508.92,343.72,528.85,385,505.22,386.52,529,429.17,499.06,429.77
1112,2022-11-10 13:07:58.148720,139,2,512.26,274.09,516.39,270.89,510.57,270.64,524.13,274.44,0,0,532.22,295.02,505.18,295.68,552.44,311.65,497.67,316.42,531.18,325.66,505.44,327.52,524.23,344.65,507,344.72,526.77,384.62,503.57,387.29,527.62,428.99,497.84,428.98
1123,2022-11-10 13:08:20.696067,140,2,513.95,272.84,518.28,269.74,512.02,269.51,525.81,273.07,0,0,533.67,293.57,505.97,293.73,554.57,310.59,498.63,314.15,532.73,323.96,506.34,327.74,526.75,341.76,508.47,341.68,528.2,381.58,505.16,384.66,529.99,425.78,499.44,426.24
1135,2022-11-10 13:08:43.080774,141,2,517.82,270.65,522.21,267.7,515.87,267.29,529.05,271.24,0,0,537.9,292.5,510.08,292.49,558.4,310.13,503.24,313.92,536.29,322.97,509.75,325.27,530.46,341.97,512.73,341.72,532.83,381.75,509.11,383.01,534.34,425.66,503.47,425.93
1145,2022-11-10 13:09:07.527760,142,2,520.27,269.85,524.4,266.77,518.58,266.71,532.07,271.07,0,0,540.36,291.59,512.97,291.55,562.31,309.19,505.85,312.78,539.03,322.22,513.25,325.68,533.24,341.89,516,341.95,536.18,380.75,512.02,381.83,537.05,423.52,506.2,425.25
1155,2022-11-10 13:09:29.957686,143,2,523.32,270.59,527.91,267.4,521.32,266.96,535.72,271.29,0,0,543.05,292.24,516.67,292.02,564.7,310.22,509.56,313.9,542.66,322.92,516.89,326.93,538.04,344.97,519.92,344.71,539.68,382.92,515.5,383.37,540.23,425.66,510.04,424.7
1165,2022-11-10 13:09:54.615606,144,2,529.37,275.21,533.75,272.06,527.83,271.55,541.07,276.73,0,0,549.33,297.6,521.35,298.33,570.22,314.15,515.4,320.51,549.11,327.93,524.64,331.02,544.48,348.9,525.78,349.97,546.43,386.22,522.33,387.51,547.51,430.55,516.61,429.73
1172,2022-11-10 13:10:19.180657,145,2,535.29,277.2,539.44,273.87,532.78,273.96,546.38,277.46,530.05,277.7,554.82,298.79,527.07,300.76,574.24,315.54,521.74,323.67,553.23,328.44,531.05,328.54,548.38,349.78,530.67,350.31,550.75,388.17,526.52,389.23,552.45,428.51,522.74,428.54
1182,2022-11-10 13:10:41.779552,146,2,539.95,268.88,544.24,265.37,537.67,265.12,551.46,269.58,0,0,558.96,291.4,531.85,291.76,579.94,306.73,525.69,315.67,559.07,319.43,535.22,321.07,554.6,341.85,536.86,342.32,556.02,379.27,532.06,380.19,557.72,420.52,526.32,419.85
1190,2022-11-10 13:10:59.995822,147,2,545.36,262.9,548.89,259.75,543.05,259.98,556.23,263.02,0,0,564.2,284.55,536.99,285.82,584.33,301.76,531.45,307.16,565.01,315.28,539.71,318.37,559.73,334.69,541.08,335.43,561.62,375.7,537.05,375.77,562.92,417.31,532.48,416.17
1200,2022-11-10 13:11:22.405292,148,2,548.03,261.96,552.2,258.79,545.75,258.81,559.36,262.67,0,0,568.22,284.32,540.76,284.83,587.95,302.98,533.33,305.44,565.97,315.24,541.61,317.98,561.73,337.16,543.84,337.28,563.54,374.19,539.61,374.85,564.51,416.98,533.89,415.8
1209,2022-11-10 13:11:40.685731,149,2,547.4,264.95,551.22,261.88,545.13,261.82,558.98,265.11,0,0,567.48,286.57,540.49,286.91,587.6,304.66,532.02,307.83,565.92,317.39,539.35,319.15,560.74,339.17,543.18,339.28,563.06,375.51,538.52,376.58,563.28,418.21,532.63,418.06
1220,2022-11-10 13:11:59.956186,150,2,544.57,267.17,548.76,263.98,542.69,264.14,556.04,267.75,0,0,565.41,290.11,536.87,290.53,585.5,308.45,529.34,311.48,563.83,320.95,539.8,323,558.67,344.63,540.03,344.46,559.99,380.97,535.54,381.75,560.12,422.47,529.62,421.77
1227,2022-11-10 13:12:18.177813,151,2,542.1,267.08,546.04,263.93,539.65,264.19,552.88,267.78,537.11,268.21,561.55,290.53,533.77,291.45,582.13,307.22,525.94,312.38,560.29,319.77,535.34,324.26,555.5,343.59,537.36,344.01,557.16,380.67,532.76,380.75,557.55,422.84,525.73,422.14
1237,2022-11-10 13:12:38.469659,152,2,538.96,267.04,542.98,263.86,537.03,263.97,550.13,267.47,0,0,558.47,290.26,531.65,289.75,580.39,307.7,523.3,310.69,558.19,320.89,532.31,323.22,552.51,342.71,534.62,342.4,554.75,380.55,530.47,380.21,554.74,422.24,523.43,420.57
1246,2022-11-10 13:13:01.046811,153,2,537.63,267.7,541.53,264.51,535.65,264.54,548.92,268.45,0,0,558.12,290.62,529.93,290.56,579.44,308.19,521.93,310.85,555.9,321.22,529.29,323.5,551.41,343.61,532.89,343.37,553.61,381.91,528.63,381.77,553.67,423.66,521.43,422.58
1256,2022-11-10 13:13:23.365186,154,2,537.94,266.3,541.76,263.04,535.98,263.41,549.22,266.73,0,0,558.55,290.19,530.62,289.4,579.3,307.12,523.05,309.89,557.62,320.3,531.12,322.97,552.28,342.21,533.88,342.17,554.27,378.94,530.06,378.87,554.53,420.96,523.43,419.34
1268,2022-11-10 13:13:46.956407,155,2,540.63,263.55,544.64,260.41,538.46,260.63,551.77,264.3,535.89,264.13,560.22,286.51,533.49,286.77,580.61,303.32,524.69,307.54,559.87,316.15,533.52,318.28,553.66,339.5,536.46,339.25,555.63,375.83,531.79,377.1,556.49,418.31,525.23,417.27
1278,2022-11-10 13:14:12.432589,156,2,542.08,261,545.65,258.13,539.94,258.39,552.62,261.95,0,0,562.3,283.75,533.93,284.46,581.55,300.74,526.27,305.14,560.28,313.7,533.85,315.54,555.27,333.81,538.07,334.16,556.99,373.24,533.21,373.11,558.12,415,526.64,413.89
1288,2022-11-10 13:14:33.868873,157,2,542.21,258.32,546.4,255.22,540.39,255.37,553.46,259.94,0,0,562.02,281.25,535.61,281.53,582.44,297.6,527.16,303.3,561.46,310.63,534.25,312.48,555.91,334.14,537.35,333.31,557.34,372.07,533.34,370.37,557.57,413.28,526.75,412.38
1299,2022-11-10 13:14:51.134093,158,2,540.69,256.7,544.68,253.17,538.52,253.78,552.26,256.52,0,0,560.54,278.29,534.49,279.15,580.43,296.05,525.31,300.11,558.37,308.72,531.99,311.1,554.5,328.51,536.88,328.22,556.03,367.71,531.55,367.55,555.89,410.34,524.79,409.82
1309,2022-11-10 13:15:11.683843,159,2,538.32,252.89,542.43,249.98,536.23,249.78,549.79,253.79,0,0,557.69,274.93,531.13,275.44,577.37,293.86,523.28,296.65,555.99,305.73,529.63,308.81,551.81,327.17,533.62,326.62,553.32,366.28,528.35,365.89,552.93,408.43,520.9,408.42
1321,2022-11-10 13:15:33.231845,160,2,537.78,251.83,541.91,248.64,535.59,248.88,549.13,252.15,534.22,253.43,557.09,273.59,530.84,273.93,577.7,293.41,522.53,295.02,555.18,304.8,527.79,307.33,550.68,325.99,532.57,325.54,552.44,364.44,527.77,363.95,552.47,406.94,520.47,406.12
1331,2022-11-10 13:15:52.660327,161,2,537.25,250.61,541.1,247.3,535.38,247.57,548.22,250.88,0,0,557.11,273.04,530.39,272.48,576.83,292.41,522.41,293.65,555.38,303.26,528.63,306.26,550.26,324.99,533.05,324.72,552.14,363.35,527.27,363.31,551.63,405.53,520.26,404.88
1341,2022-11-10 13:16:12.089904,162,2,536.26,252.21,540.26,248.88,534.1,249.17,547.68,252.07,0,0,555.66,273.34,529.23,274.54,575.6,292.81,522.25,296.89,553.78,304.75,530.33,306.17,548.61,327.19,530.93,326.5,550.84,365.09,525.8,365.35,550.64,407.22,518.27,406.78
1353,2022-11-10 13:16:31.435079,163,2,537.3,252.14,541.42,248.69,535.26,249.02,548.91,252.12,0,0,556.88,273.33,530.39,273.66,577.09,293.14,521.8,294.95,555.07,304.76,528.09,307.26,549.85,326.73,531.79,326.07,552.05,364.76,526.98,364.43,551.89,406.36,520.3,405.04
1361,2022-11-10 13:16:51.741131,164,2,540.35,249.94,544.34,246.84,538.39,247.14,551.84,250.75,0,0,559.36,272.76,533.34,272.26,580.13,290.28,524.88,293.69,558.98,303.45,533.16,306.83,554.12,325.47,536.12,324.33,555.19,363.04,531.05,362.91,555.11,405.36,524.24,404.52
1370,2022-11-10 13:17:14.286005,165,2,544.43,254.77,548.57,251.83,542.95,251.67,556.75,255.93,0,0,564.99,276.32,538.97,276.73,584.01,294.68,530.23,295.31,563.77,307.86,536.09,310.32,558.59,328.2,540.64,328.34,559.61,366.92,535.76,366.73,560.42,409.36,529.42,408.84
1378,2022-11-10 13:17:34.596092,166,2,547.59,257.49,551.69,254.15,545.76,254.13,558.98,257.21,0,0,567.87,277.54,541.17,278.05,586.87,296.3,532.93,298.76,565.92,309.86,539.68,311.5,559.42,329.15,543.07,328.75,562.27,369.15,537.97,368.56,561.83,410.79,530.42,409.89
1386,2022-11-10 13:17:54.008607,167,2,549.09,255.93,553.17,252.6,546.95,252.83,560.24,256.32,0,0,568.87,276.76,541.91,277.59,587.64,294.8,533.58,297.55,566.96,308.45,541.2,311.34,560.45,329.36,543.81,328.75,563.27,367.49,539.12,367.27,562.89,410.17,531.94,408.86
1395,2022-11-10 13:18:13.459287,168,2,550.94,253.63,555.03,250.62,548.84,250.7,562.22,254.04,0,0,570.61,274.3,543.72,274.58,589.19,293.5,535.72,295.33,568.96,306.46,541.83,309.65,562.74,327.72,545.28,326.96,564.85,366.53,540.16,366.56,564.05,407.71,532.55,407.64
1404,2022-11-10 13:18:34.007562,169,2,551.08,254.87,554.78,251.77,548.94,251.93,561.91,254.94,0,0,570.24,275.94,543.24,276.02,589.44,294.76,535.48,296.78,569.05,307.81,541.81,310.4,562.43,328.68,545.5,328.49,564.68,367.07,540.39,367.07,564.35,409.86,532.44,408.67
1414,2022-11-10 13:18:56.604486,170,2,550.5,255.01,554.32,251.84,548.18,252.03,561.21,255.27,0,0,569.71,276.22,542.74,276.26,588.76,294.69,534.58,296.45,568.22,307.59,540.72,310.44,561.38,328.92,544.63,327.7,563.74,366.87,539.61,367.13,563.04,408.97,532,407.8
1425,2022-11-10 13:19:20.371896,171,2,550.85,250.68,554.67,247.63,548.87,247.77,561.77,250.88,0,0,570.15,271.57,543.77,271.28,589.68,291.1,535.05,291.56,567.67,304.1,540.71,305.38,562.27,323.92,544.93,323.47,564.42,362.4,539.73,362.29,563.48,403.9,532.51,402.8
1434,2022-11-10 13:19:46.390262,172,2,551.37,251.21,555.32,248.11,549.44,248.23,562.23,251.76,0,0,571.02,272.19,544.25,272.43,590.1,292.11,535.72,292.29,568.88,303.73,542.11,305.15,563.37,326.3,545.51,325.06,565.26,364.96,540.28,364.87,564.18,406.65,533.02,404.61
1444,2022-11-10 13:20:08.030146,173,2,552.21,253.42,556.47,250.31,550.29,250.45,563.81,253.73,0,0,572.73,274.64,546.07,274.86,590.93,294.13,537.24,295.8,569.98,306.93,543.93,309.5,564.93,328.78,547.04,327.32,566.59,367.57,541.21,366.58,566.63,407.33,534.61,407.35
1454,2022-11-10 13:20:28.577571,174,2,554.39,254.26,558.22,250.8,552.21,251.21,566.07,254.15,0,0,573.77,274.7,547.32,275.16,593.56,294.48,538.55,295.7,570.67,306.28,545.4,310.05,567.3,328.87,549.34,328.34,568.87,366.91,543.26,367.04,568.76,407.26,536.77,407.99
1464,2022-11-10 13:20:49.165719,175,2,556.21,254.6,560.32,251.22,554,251.53,567.86,254.25,0,0,575.66,275.46,549.21,275.49,595.5,294.35,540.93,296.25,573.22,306.6,548.83,310.24,569.66,327.73,552.02,327.49,571.06,366.44,545.99,365.64,570.59,408.28,539.32,407.52
1475,2022-11-10 13:21:08.551899,176,2,558.8,257.77,562.59,254.62,556.56,254.78,569.47,258.2,554.11,258.78,578.71,278.28,551.52,279.39,597.4,297.14,542.82,298.62,575.28,310.69,549.37,311.7,571.71,330.19,553.61,330.05,572.9,370.17,548.37,370.01,573.01,411.19,541.61,411.35
1487,2022-11-10 13:21:33.307574,177,2,557.13,258.7,561.22,255.41,555.21,255.65,568.21,258.68,0,0,577.78,279.48,550.45,280.52,597.15,298.85,541.1,299.78,575.16,311.24,548.8,314.14,570.12,331.64,552.71,330.83,571.22,371.36,547.08,371.91,570.32,411.93,540.09,411.38
1497,2022-11-10 13:21:56.826507,178,2,552.2,257.79,556.1,254.53,550.36,254.82,563.62,257.46,0,0,572.4,278.31,545.64,279.04,590.71,297.74,536.34,300,568.25,308.89,544.82,311.31,564.44,331.06,547.89,331.6,566.4,371.58,541.81,372.35,565.99,410.59,534.34,410.1
1506,2022-11-10 13:22:21.695259,179,2,547.51,257.45,551.77,254.05,545.43,253.92,559.13,257.2,0,0,568.23,277.4,540.15,278.65,586.32,296.82,532.69,300.78,564.33,307.81,540.45,311.79,559.09,328.64,542.16,328.04,560.61,369.18,536.27,369.39,560.55,410.52,528.91,409.81
1516,2022-11-10 13:22:46.237837,180,2,544.36,258.81,548.44,255.54,542.45,255.9,555.93,258.22,0,0,564.93,279.24,537.46,280.82,583.5,297.95,529.67,300.86,562.55,311.01,536.98,314.08,557.54,329.46,539.39,329.82,557.32,368.02,534.35,368.66,558.35,411.03,527,411.31
1526,2022-11-10 13:23:09.800131,181,2,543.27,257.33,547.33,254.1,541.3,254.18,554.67,257.11,0,0,563.84,277.7,535.85,278.97,582.63,297.49,527.57,298.72,559.74,309.2,534.85,311.58,556.4,327.62,538.44,328.19,556.99,367.92,532.88,368.06,556.61,410.43,524.42,410.58
1536,2022-11-10 13:23:33.371898,182,2,542.6,256.45,546.45,253.27,540.51,253.33,553.48,256.3,0,0,563.16,276.85,535.06,278,581.8,295.6,526.69,297.65,559.99,307.53,533.69,310.47,555.8,329.06,537.71,328.88,556.65,367.63,532.53,367.61,556.26,409.75,524.79,409.37
1546,2022-11-10 13:23:57.141716,183,2,541.2,257.35,545.42,254.03,539.39,254.3,553.1,257.27,0,0,562.25,277.61,534.66,278.99,581.05,296.69,525.14,298.75,557.84,309.25,532.2,311.96,553.89,329.66,536.85,329.03,555.61,368.18,531.48,368.46,554.89,410.91,523.31,410.7
1554,2022-11-10 13:24:17.677497,184,2,540.84,257.98,545.01,254.61,538.72,254.97,552.53,258.15,0,0,561.44,278.94,534.16,279.44,580.31,297.46,523.77,299.32,557.43,309.53,531.23,311.82,553.9,329.66,536.52,329.07,554.85,368.32,530.53,368.46,554.01,410.72,523.07,410.09
1563,2022-11-10 13:24:40.344150,185,2,539.39,253.46,543.39,250.34,537.27,250.38,551.01,253.7,0,0,559.06,274.75,531.71,275.13,579.12,292.75,523.04,295.52,556.38,305.69,530.73,308.42,553.13,329.06,534.45,328.65,553.5,367.01,528.15,367.1,552.3,407.27,521.33,407.64
1571,2022-11-10 13:25:02.993498,186,2,537.92,251.36,541.63,248.01,535.77,248.4,549.08,251.09,0,0,558.15,273.09,530.61,272.64,577.74,291.46,521.77,293.21,555.77,304.3,528.12,306.67,551.14,324.88,532.28,324.84,552.23,363.8,527.13,364.23,551.54,404.06,519.81,404.06
1580,2022-11-10 13:25:26.662480,187,2,537.68,250.94,541.37,247.58,535.62,248.02,548.72,250.65,0,0,558.22,272.42,530.54,272.31,577.1,291.1,521.31,292.8,555.8,303.07,528.14,306.1,550.88,324.17,532.71,324.87,552.24,362.72,527.34,362.86,552.03,403.24,520.11,403.81
1588,2022-11-10 13:25:45.923669,188,2,538.57,250.57,542.16,247.34,536.39,247.76,549.59,250.19,0,0,559.02,272.38,531.27,271.86,578.32,291.3,521.66,292.12,556.34,302.91,529.17,304.18,551.65,325.48,533.25,324.77,553.05,363.49,528.26,363.86,552.96,402.87,521.2,403.61
1598,2022-11-10 13:26:05.131575,189,2,539.61,249.26,543.42,246.01,537.28,246.37,550.52,249.17,0,0,559.54,270.43,531.86,270.62,578.98,289.44,522.72,291.58,556,301.38,530.38,303.16,552.42,324.33,534.04,323.87,553.8,362.95,529.23,363.37,553.28,402.85,521.31,403.05
1607,2022-11-10 13:26:24.504893,190,2,538.41,248.1,542.08,244.77,536.15,245.13,549.09,247.43,0,0,557.71,269.44,530.75,269.95,576.7,287.94,521.33,289.78,554.53,299.11,528.15,301.72,550.38,322.19,532.71,321.9,551.79,359.65,527.23,360.27,552.04,400.02,519.93,400.44
1619,2022-11-10 13:26:44.912231,191,2,536.33,247.14,540.09,243.93,534.06,244.19,547.04,246.95,531.58,247.34,555.77,268.22,528.34,269.04,575.05,287.47,519.57,288.88,551.91,299.42,527.54,301.45,548.4,320.98,530.18,321.71,550.14,358.3,525.85,360.06,550.18,400,518.03,400.77
1629,2022-11-10 13:27:02.195521,192,2,535.55,249.35,538.98,245.98,533.23,246.56,545.87,248.71,530.96,250.15,555.02,270.71,526.9,271.2,573.85,289.52,518.47,291.13,551.94,301.17,525.68,302.97,547.59,323.46,529.42,324.53,549.4,362.19,524.74,362.96,549.15,402.85,515.99,403.88
1639,2022-11-10 13:27:20.606263,193,2,535.03,246.79,538.6,243.65,532.75,243.71,545.74,246.1,530.94,247.45,554.93,267.87,526.97,268.81,573.62,286.86,518.48,288.59,551.81,298.79,525.87,301.19,548.21,320.38,529.59,320.75,549.62,358.82,524.98,360.02,549.33,399.44,517.1,400.41
1650,2022-11-10 13:27:40.140429,194,2,535.73,245.46,539.47,242.25,533.35,242.43,546.4,245.25,531.33,246.15,555.53,266.38,527.63,267.41,574.29,285.61,519.2,287.62,551.68,297,527.29,300.33,548.34,319.58,530.33,320.01,549.98,358.4,525.06,359.45,549.86,398.91,517.88,399.03
1660,2022-11-10 13:27:59.563833,195,2,536.16,244.83,539.93,241.39,534.09,241.76,547.4,243.99,0,0,556.61,265.25,528.94,266.67,575.67,283.62,520.18,286.37,554.17,295.97,528.79,299.37,549.3,318.27,531.62,318.28,550.73,354.44,526.48,356.26,550.98,396.46,519.17,396.32
1672,2022-11-10 13:28:18.839044,196,2,539.1,242.44,542.68,239.03,536.89,239.55,549.66,241.94,534.32,242.78,559.16,263.54,531.96,264.27,578.36,282.09,521.61,283.61,556.28,293.65,529.33,295.76,551.84,315.04,534.49,314.39,553.38,354.06,528.43,354.32,552.76,395.05,521.28,395.03
1682,2022-11-10 13:28:36.200318,197,2,540.56,241.61,544.65,238.2,538.3,238.74,552.08,241.17,0,0,561,262.26,533.56,263.6,580.03,280.98,523.61,283.35,557.74,293.75,531.35,295.68,554.27,313.45,535.89,313.58,554.94,351.54,530.19,351.9,554.16,394.57,522.87,394.34
1691,2022-11-10 13:28:53.394541,198,2,542.96,240.78,546.67,237.33,540.86,237.71,553.39,240.26,538.26,241.3,562.99,261.51,535.13,262.77,581.4,279.83,526.02,281.74,559.5,291.99,532.7,294.35,556.28,313.19,537.55,313.03,556.62,351.82,532.54,351.87,556.63,393.37,525.07,393.2
1701,2022-11-10 13:29:10.688843,199,2,545.18,237.13,549.17,234.36,542.89,234.37,556.29,238.05,540.81,237.85,565.01,258.26,537.56,258.88,584.16,276.31,529.34,279.02,562.84,290.26,536.8,293.23,558.75,310.79,540.02,310.98,559.49,348.49,534.6,349.41,559.38,389.42,528,388.34
1711,2022-11-10 13:29:28.917120,200,2,548.63,233.7,552.48,230.44,546.27,230.58,559.83,233.24,0,0,567.99,254.89,541.01,255.41,587.59,273.65,532.07,275.15,565.09,286.37,538.73,287.83,560.97,308.79,542.91,308.58,562.63,346.69,537.5,346.01,561.6,387.18,529.51,386.74
1721,2022-11-10 13:29:49.322144,201,2,549.06,233.2,553.01,230.03,546.77,230.08,560.04,233.14,0,0,569.02,254.06,541.53,255.06,589.06,273.52,532.85,274.18,565.85,285.37,539.2,287.45,562.05,306.15,544.35,307.06,563.35,344.02,538.3,344.61,562.2,386.08,530.74,385.9
1733,2022-11-10 13:30:09.872777,202,2,548.58,233.24,552.46,229.96,546,229.89,559.59,232.97,0,0,568.51,254.02,540.69,254.76,587.76,273.32,531.81,274.25,564.08,285.75,539.04,286.66,561.01,307.27,542.47,307.76,562.26,345.88,536.72,345.87,560.65,386.78,529.13,385.89
1742,2022-11-10 13:30:29.356804,203,2,546.51,235.11,550.39,231.8,544.4,231.94,557.36,234.96,542.36,235.9,566.07,256.27,538.42,256.49,585.53,275.82,529.72,275.78,563.78,287.91,536.79,290.01,557.97,309.23,539.81,309.53,559.01,346.74,534.3,347.22,558.6,388.94,526.99,387.76
1753,2022-11-10 13:30:49.891811,204,2,543.4,240.29,547.24,236.86,541.52,237.05,554.21,239.91,0,0,562.72,261.17,535.24,261.53,582.6,280.63,526.46,281.14,559.73,292.67,532.64,294.29,555.64,312.94,537.65,312.67,555.75,350.97,531.59,350.9,555.38,393.1,524.43,392.94
1763,2022-11-10 13:31:08.351595,205,2,542.59,241.44,546.26,238.32,540.1,238.65,552.74,241.77,537.41,242.13,561.63,262.86,534.32,264.11,581.86,282.05,524.63,283.23,557.72,294.13,532.2,296.74,554.89,313.22,536.74,313.28,554.77,353.16,530.53,353.76,553.47,396.31,522.41,394.95
1774,2022-11-10 13:31:29.786097,206,2,540.51,243.44,544.35,240.12,538.18,240.29,550.95,243.52,535.7,243.75,559.18,265.49,532.63,265.47,579.06,283.54,522.8,285.91,557.03,295.17,529.92,298.43,551.27,315.86,534.52,314.26,552.53,353.7,527.31,353.69,552.11,395.57,520.87,395.06
1784,2022-11-10 13:31:52.455993,207,2,535.63,247.19,539.19,244.07,533.57,244.15,545.71,247.11,531.3,248.15,553.66,269.08,526.85,269.3,574.16,288.32,518.62,289.33,551.59,299.44,525.22,301.53,546.6,320.37,529.43,320.2,547.96,358.3,523.25,359.47,547.32,400.5,515.85,400.2
1795,2022-11-10 13:32:17.090663,208,2,533.15,250.79,537.13,247.63,530.88,247.54,543.87,250.69,528.38,251.22,550.92,272.7,525.26,272.82,571.95,291.14,516.14,293.76,549.88,303.94,522.99,304.84,544.45,324.92,527.24,324.78,545.76,362.79,520.53,362.52,545.11,404.16,513.57,403.03
1806,2022-11-10 13:32:39.767807,209,2,530.9,254.52,534.97,251.19,528.87,251.24,541.86,254.21,0,0,549.42,275.03,522.89,275.77,569.41,294.4,514.35,295.56,547.24,306.65,519.96,309.96,542.66,328.26,524.58,328.38,543.64,365.37,518.52,366.07,543.52,407.72,512.44,407.05
1817,2022-11-10 13:33:02.240392,210,2,530.84,257.3,534.77,253.9,528.83,253.93,541.85,257.22,0,0,549.56,277.98,523.27,278.29,569.13,296.57,513.62,297.36,547.13,309.67,520.24,310.59,542.3,330.8,525.08,330.08,543.36,367.65,518.35,368.07,543.69,410.19,512.6,409.32
1829,2022-11-10 13:33:21.578093,211,2,530.27,258.48,534.04,255.12,528.39,255.48,540.79,258.69,0,0,548.68,279.88,522.4,280.66,568.29,298.34,512.66,299.54,546.94,312.13,520.09,313.08,541.77,331.1,523.84,330.6,542.28,368.84,518.2,369.41,541.89,412.72,510.79,410.58
1839,2022-11-10 13:33:42.950915,212,2,527.97,260.6,531.79,257.43,525.83,257.76,538.26,260.75,523.25,260.98,546.96,281.31,519.72,282.21,566.03,300.53,510.04,301,544.56,312.44,515.68,314,539.43,332.55,522.01,331.58,540.32,371.33,515.72,371,538.68,413.97,507.75,412.47
1849,2022-11-10 13:34:05.475605,213,2,524.66,261.79,528.79,258.47,522.59,258.67,535.75,261.9,0,0,543.89,283.49,516.58,283.94,563.34,302.83,507.21,304.51,540.19,313.76,514.24,316.29,536.32,336.05,518.07,336.01,537.07,373.91,511.59,373.93,535.8,413.26,504.01,414.2
1859,2022-11-10 13:34:30.143927,214,2,523.41,258.97,527.24,255.77,521.32,255.74,533.88,259.49,518.37,259.23,540.69,280.67,514.67,281.45,561.42,299.41,505.02,301.72,540.17,310.29,513.77,313.54,533.8,332.62,516.29,332.76,535.09,369.95,509.53,370.9,533.75,409.83,503.08,408.87
1868,2022-11-10 13:34:53.766663,215,2,519.27,250.39,522.96,247.33,517.21,247.33,529.46,250.67,0,0,538.05,272.1,510.82,272.92,556.99,291.54,501.61,292.16,536.29,302.66,509.17,304.87,530.81,323.11,512.58,323.5,531.76,362.18,506.12,362.34,530.42,402.43,497.66,402.29
1878,2022-11-10 13:35:15.192783,216,2,517.63,246.6,521.4,243.57,515.56,243.42,528.28,246.87,0,0,536.34,268.38,510.01,269.27,556.15,287.98,500.75,288.27,533.84,299.54,506.88,300.74,529.52,320.21,511.94,320.65,530.84,358.39,505.53,358.88,529.8,399.82,497.92,398.52
1887,2022-11-10 13:35:35.697468,217,2,519.58,245.6,523.38,242.05,517.38,242.39,530.75,245.24,0,0,538.92,268.1,512.03,268.81,558.31,287.04,502.52,286.79,535.96,298.63,508.99,299.37,531.91,320.38,514.17,320.68,533.02,358.77,508.17,358.42,532.86,400.19,501.12,397.96
1894,2022-11-10 13:35:58.185651,218,2,528.25,246.4,532.02,242.87,526.24,242.79,539.81,245.92,0,0,548.36,264.99,520.78,265.2,567.71,287.38,512.64,290.02,547.1,297.03,0,0,541.89,315.81,524.01,316.92,542.78,356.84,517.49,358.72,541.74,399.38,512.19,395.59
1897,2022-11-10 13:36:19.712093,219,2,0,0,0,0,0,0,0,0,0,0,558.91,274.92,533.27,272.2,582.44,296.75,526.08,296.39,0,0,0,0,553.32,329.56,536.43,329.89,554.01,368.28,529.03,366.88,550.4,409.85,522.97,403.21
1901,2022-11-10 13:36:36.879838,220,2,545.3,259.05,549.42,255.89,543.72,255.81,556.59,258.95,0,0,564.25,280.42,537.85,281.17,583.23,298.67,528.27,300.1,562.1,312.49,535.51,313.09,556.88,332.3,538.66,331.7,557.17,372.98,532.48,369.83,555.38,411.84,524.93,410.09
1912,2022-11-10 13:36:55.144936,221,2,0,0,0,0,0,0,553.78,252.95,0,0,561.66,273.66,533.16,272.48,579.84,293.53,522.82,294.62,563.62,299.57,530.97,306.55,552.56,326.27,534.14,326.22,553.24,365.67,528.34,363.13,551.16,405.71,520.65,400
1919,2022-11-10 13:37:13.462673,222,2,534.52,250.34,537.93,246.88,532.04,247.19,545.32,250.07,0,0,552.79,271.07,526.11,271.93,572.83,290.23,517.81,293,552.62,300.33,523.57,313.07,545.61,324.3,527.7,323.94,546.17,364.2,520.79,361.98,543.95,405.56,513.37,400.2
1925,2022-11-10 13:37:31.801733,223,2,528.78,249.95,532.43,246.64,526.76,246.72,539.77,249.97,0,0,547.78,271.96,520.28,271.76,567.32,292.16,511.54,291.08,545.94,302.08,519.47,304.22,541.72,322.4,522.42,322.87,540.43,362.19,516.06,361.57,539.39,403.06,508.26,401.58
1934,2022-11-10 13:37:50.219492,224,2,527.08,248.58,530.88,245.44,524.94,245.59,537.47,248.9,522.83,249.23,545.37,270.43,518.85,271.41,566.03,290.82,509,290.2,544.12,300.31,515.83,302.72,538.88,322.07,521.03,322.42,539.89,360.19,514.75,361.71,537.76,402.2,506.16,402.8
1943,2022-11-10 13:38:10.720780,225,2,527.32,250.71,531.11,247.57,525.2,247.84,538.29,250.82,522.96,251.19,546.26,272.51,518.86,272.35,566,292.03,509.17,291.83,544.28,303.36,516.02,305.35,539.27,324.47,521.26,324.07,539.85,360.92,515.34,362.47,538.42,403.68,507.26,404.57
1953,2022-11-10 13:38:31.060736,226,2,527.97,251.33,531.81,248.19,525.9,248.36,538.54,251.89,523.68,252.27,546.71,274.04,519.35,273.5,567.54,293.13,509.96,293.1,545.59,304.35,517.08,305.98,539.94,323.34,521.9,324.34,540.59,362.52,516.08,362.31,539.37,405.15,508.15,404.32
1962,2022-11-10 13:38:51.565555,227,2,530.96,252.54,535.14,249.34,528.96,249.1,541.97,252.88,0,0,549.54,274.04,522.63,274.5,570,293.07,514.3,293.9,548.06,304.6,520.96,306.98,543.45,327.22,524.77,327.12,543.98,365.01,518.28,364.06,542.28,406.77,510.23,406.77
1971,2022-11-10 13:39:10.970545,228,2,532.58,253.05,536.83,250.06,530.53,249.67,545,254.06,0,0,552.1,274.66,523.89,274.95,571.13,292.71,515,294.69,549.7,304.81,523.03,306.49,545.19,329.51,526.57,329.17,545.71,365.21,519.82,364.67,544,405.36,512.81,405.3
1980,2022-11-10 13:39:29.302449,229,2,535.57,253.27,539.66,250.01,533.53,249.96,546.76,253.07,0,0,555.89,274.78,527.14,274.69,574.84,294.26,518.24,294.58,552.17,305.16,525.21,306.83,548.28,325.91,529.59,326.17,548.07,363.47,523.7,363.69,547.38,406.08,515.99,406.81
1989,2022-11-10 13:39:49.789728,230,2,537.72,254.07,541.71,250.94,535.39,250.85,550.08,255.39,0,0,557.08,276.17,528.74,275.97,574.95,293.9,519.3,295.88,554.05,305.75,527.48,309.41,549.35,329.24,530.62,329.49,550.23,366.56,524.62,366.63,548.7,407.18,516.45,407.71
1998,2022-11-10 13:40:08.176534,231,2,536.78,254.57,540.47,251.14,534.4,251.55,547.83,254.33,532.03,255.15,555.23,276.6,528.24,276.76,574.97,295.22,518.78,296.38,553,305.63,526.21,309.1,548.75,328.65,530.02,327.7,549.28,366.17,524,365.82,548.15,407.77,516.44,407.36
2007,2022-11-10 13:40:27.595948,232,2,539.98,254.34,543.75,251.11,537.8,251.19,550.96,254.49,534.87,255.1,559.22,276.84,531.99,276.94,579.41,294.88,522.19,296.33,556.44,305.96,529.92,309.04,553,329.6,535.06,329.43,554.02,367.6,527.93,366.7,552.46,407.95,521.61,405.91
2017,2022-11-10 13:40:50.004599,233,2,544.19,254.52,547.95,251.28,541.86,251.36,555.5,254.71,0,0,564.22,276.57,536.62,277.59,583.58,295.01,527.39,296.78,562.09,306.24,536.02,309.6,557.08,329.55,539.31,328.91,558.38,367.49,532.82,367.02,557.87,407.35,525.59,408.16
2026,2022-11-10 13:41:09.371079,234,2,549.41,256.92,553.28,253.54,547.03,253.69,560.41,256.69,0,0,568.76,278.7,541.06,280.31,587.94,297.06,532.35,299.12,567.42,308.84,540.81,311.53,561.85,330.69,544.04,330.23,563.38,368.57,538.14,368.18,562.06,409.61,531.38,408.88
2035,2022-11-10 13:41:26.639056,235,2,553.08,258.36,556.57,254.93,551.09,255.38,563.74,258.55,0,0,572.27,280.89,545.57,281.7,592.5,299.49,536.45,300.45,571.19,310.11,544.94,313.61,565.5,330.48,548.29,330.74,566.86,369.4,541.71,369.12,566.13,410.7,535.07,410.86
2044,2022-11-10 13:41:47.194602,236,2,556.5,259.56,560.34,256.28,553.98,256.39,566.68,259.73,551.48,259.66,575.2,281.95,548.44,282.32,595.93,299.94,537.72,301.54,573.55,310.91,545.99,314.93,569.12,333.77,551.23,331.91,569.99,372.94,545.2,372.22,568.44,414.18,537.67,411.45
2054,2022-11-10 13:42:07.764611,237,2,559.37,262.94,563.11,259.81,557.2,259.84,569.62,263.48,554.92,263.68,578.2,285.52,550.99,286.51,598.37,303.87,541.45,304.31,575.5,314.17,548.83,318.16,571.41,336.26,553.71,335.9,572.63,375.19,548.06,375.82,571.67,416.39,540.25,416.52
2064,2022-11-10 13:42:31.416031,238,2,561.02,262.71,564.92,260,558.85,259.57,572.09,263.61,556.69,263.31,580.28,284.7,552.68,285.33,599.35,303.75,543.17,304.31,577.81,314.48,550.32,317.97,574.38,336.07,555.33,336.35,574,374.49,549.57,375.81,573.39,415.72,541.21,415.51
2073,2022-11-10 13:42:54.848008,239,2,562.58,264.17,566.3,260.75,560.33,260.85,573.35,264.32,557.96,264.44,581.77,285.55,554.63,286.62,601.49,305.08,545.27,304.7,579.07,314.97,551.51,317.98,575.56,339.07,556.51,338.47,576.56,377.66,550.26,376.44,574.85,419.08,543.27,416.72
2083,2022-11-10 13:43:17.218406,240,2,566.34,266.72,570.24,263.69,564.01,263.88,576.69,267.3,561.63,267.62,585.68,288.64,556.78,289.5,604.63,308.13,549.04,309.22,582.55,319.62,556.13,321.5,578.36,341.86,560.27,341.31,579.66,378.38,554.78,379.61,578.29,420.44,545.99,420.52
2093,2022-11-10 13:43:35.393293,241,2,566.46,266.42,570.4,263.34,564.28,263.43,577.45,267.19,0,0,585.5,288.59,557.73,288.9,604,307.33,548.95,308.67,582.73,319.3,555.7,320.69,578.52,341.21,560.56,341.19,579.38,378.18,554.74,378.35,577.89,419.87,545.89,419.52
2103,2022-11-10 13:43:54.744322,242,2,564.81,267.29,568.94,264.13,562.57,264.06,575.94,267.86,560.08,267.78,583.75,289.61,555.92,289.5,603.05,308.2,547.69,309.67,581.72,319.74,554.89,321.12,576.99,343.04,558.9,342.47,577.72,381.17,552.69,380.48,576.21,421.99,544.7,420.59
2112,2022-11-10 13:44:14.973809,243,2,563.78,270.12,567.87,266.97,561.62,266.91,575.07,270.65,0,0,583.36,292.12,554.58,292.77,602.87,310.64,546.49,312.47,580.61,320.84,553.34,324.39,576.15,345.91,557.54,345.15,576.67,383.8,550.91,383.22,575.61,423.34,544.37,422.66
2122,2022-11-10 13:44:35.185519,244,2,562.38,269.2,566.46,266.1,560.32,266.25,573.6,269.68,0,0,581.33,290.77,553.68,291.79,601.16,310.49,545.84,311.57,579.38,321.14,552.4,324.73,574.73,344.29,556.02,344.26,575.28,382.4,549.73,382.76,574.09,423.84,542.09,422.35
2133,2022-11-10 13:44:55.347204,245,2,559.76,269.69,563.76,266.73,557.59,266.77,571.09,270.47,0,0,579.46,292.04,551,291.88,599.35,311.43,542.18,311.93,576.89,321.91,550.3,324.9,571.56,344.2,553.86,343.66,572.69,383.44,548.34,382.68,571.54,424.9,540.11,423.45
2143,2022-11-10 13:45:15.682396,246,2,558.14,271.18,561.98,268.01,555.68,268.08,568.89,271.34,553.41,271.92,576.85,293,549.32,293.83,596.99,311.88,540.13,313.71,574.12,322.74,547.26,325.62,570.82,345.45,552.42,344.99,571.38,383.9,546.5,383.91,569.43,425.67,538.46,425.12
2152,2022-11-10 13:45:37.082820,247,2,556.49,271.26,560.23,268.08,554.16,268.24,567.29,271.07,551.64,271.45,575.38,293.18,548.06,293.32,595.2,311.29,538.68,313.47,571.93,322.46,545.37,325.6,568.85,345.79,550.89,345.43,569.92,384.08,544.59,383.76,568.91,424.28,537.53,424.09
2163,2022-11-10 13:46:00.794310,248,2,553.95,271.84,558.19,268.56,552.12,268.54,565.75,271.92,0,0,573.68,293.51,546.03,293.15,593.5,312.15,536.67,313.36,570.6,323.44,543.62,325.97,566.31,346.63,548.35,345.86,568.18,383.47,541.97,383.47,567.17,425.96,534.99,424.6
2175,2022-11-10 13:46:26.633658,249,2,553.37,274.08,557.33,270.85,551.38,271.07,564.75,274.41,0,0,573.19,296.07,545.49,296.21,592.88,315.18,536.35,315.9,571.55,325.68,543.99,328.16,565.76,346.13,548.57,345.98,567.15,384.57,542.35,384.58,566.91,427.53,535.19,426.95
2188,2022-11-10 13:46:52.510282,250,2,552.31,273.89,556.13,270.53,550.37,270.95,562.93,273.56,548.37,275.08,571.17,296.08,543.91,296.09,590.96,314.38,534.96,315.77,569.07,324.62,542.28,327.36,563.8,346.29,546.83,345.98,565.72,385.6,541.36,386.09,565.37,427.29,533.34,427.16
2200,2022-11-10 13:47:17.324550,251,2,549.02,274.33,553.16,270.98,546.81,271.24,560.32,273.95,0,0,568.43,295.31,540.76,296.75,586.8,314.56,531.7,316.48,567.04,326.8,539.44,329.87,561.21,346.77,543.87,346.5,563.22,384.57,538.99,386.1,562.15,427.57,530.1,427.5
2214,2022-11-10 13:47:40.920122,252,2,547.06,275.85,551.03,272.69,545.06,272.58,558.12,275.75,0,0,566.32,297.35,538.88,297.96,586.09,316.61,529.83,318.13,564.95,327.64,537.28,331.13,560.32,349.47,542.06,349.23,561.1,389.1,536.55,390.33,560.99,430.15,529.27,428.42
2226,2022-11-10 13:48:03.542268,253,2,546.58,276.49,550.61,273.32,544.58,273.26,557.76,276.83,0,0,566.08,297.77,538.46,298.56,585.85,316.77,529.91,318.38,564.61,327.88,537.29,331.61,560.31,350.75,541.76,350.88,561.12,389.72,536.37,391.67,560.81,430.55,528.94,429.34
2238,2022-11-10 13:48:26.166875,254,2,547.71,277.74,551.71,274.61,545.56,274.67,558.91,278.26,0,0,567.08,299.79,538.91,300.71,586.69,318.86,531.55,320.48,564.69,329.74,538.47,332.79,561.34,352.92,542.88,352.89,562.64,391.36,537.6,392.74,561.61,431.87,529.56,431.89
2251,2022-11-10 13:48:50.763878,255,2,548.89,278.61,552.84,275.38,546.3,275.75,560.4,278.65,0,0,568.03,300.21,540.47,300.91,587.51,318.9,532.1,320.67,566.44,330.24,539.28,333.34,561.82,352.12,543.98,352.38,563.52,390.57,538.62,392.05,562.39,432.51,530.61,432.09
2264,2022-11-10 13:49:15.638634,256,2,548.08,279.48,551.9,276.21,545.77,276.24,559.08,279.63,0,0,567.09,300.98,539.54,301.3,586.86,320.37,531.43,321.23,564.62,331.09,537.95,333.82,561.33,354.89,542.5,355.24,562.73,393.79,537.22,394.47,560.99,433.45,528.75,433.84
2277,2022-11-10 13:49:38.340170,257,2,544.32,279.72,548.26,276.6,542.24,276.37,555.35,280.05,540.02,279.81,563.43,300.99,535.75,301.43,583.6,319.74,526.94,320.97,561.43,331.43,535.01,334.06,558.55,352.2,539.23,352.53,558.58,391.33,533.33,392.73,557.8,431.79,525.53,432.35
2288,2022-11-10 13:50:02.110427,258,2,541.05,277.99,545.36,274.81,538.87,274.91,553.25,278.68,0,0,561.04,299.56,533.4,299.91,580.15,318.12,523.4,319.59,559.32,328.51,532.12,333.05,554.36,349.81,536.25,349.67,555.81,389.67,530.97,391.72,554.8,431.57,522.88,432.01
2300,2022-11-10 13:50:23.712526,259,2,542.34,277.66,546.05,274.8,540.14,274.84,553.38,278.75,0,0,561.17,300.1,533.94,300.49,580.9,318.14,524.33,319.77,560.17,328.85,532.34,332.74,555.09,351.02,537.4,350.67,557.08,392.2,531.76,392.96,555.6,432.1,523.78,431.96
2311,2022-11-10 13:50:44.023354,260,2,543.81,277.4,548.12,274.18,541.78,274.19,555.56,277.76,0,0,564.25,298.38,535.92,298.92,582.85,317.38,527.17,318.93,561.82,328.2,534.62,332.65,556.95,350.26,539.03,350.39,558.8,390.24,533.79,392.07,557.66,431.01,524.8,431.9
2325,2022-11-10 13:51:07.562809,261,2,544.11,276.27,548.21,273.41,542.04,273.09,555.68,277.04,0,0,564.45,297.58,536.08,298.62,583.18,316.66,527.13,317.99,562.05,327.82,534.52,331.84,557.6,349.82,539.12,350.04,558.18,390.38,533.47,391.64,557.33,430.61,524.99,430.07
2336,2022-11-10 13:51:32.049990,262,2,542.79,274.88,546.68,271.72,540.49,271.95,553.65,274.97,538.13,274.97,562.24,295.62,534.37,297.22,581.73,314.99,524.56,316.88,560.19,327.28,532.69,330.97,555.69,345.02,537.43,345.28,556.08,386.76,532.1,387.39,555,428.65,523.37,427.84
2346,2022-11-10 13:51:55.463177,263,2,540.41,273.81,544.34,270.57,538.24,270.62,551.99,273.97,0,0,560.56,294.46,532.6,295.79,579.86,314.2,522.64,315.64,557.37,325.28,531.14,328.58,553.56,347.23,535.57,346.16,554.51,387.48,529.7,387.95,552.84,427.81,521.81,427.91
2356,2022-11-10 13:52:17.842178,264,2,538.99,274.7,542.87,271.38,537.09,271.72,550.22,274.57,0,0,559.03,295.94,531.1,296.22,578.12,314.7,521.15,316.48,556.75,325.83,529.41,329.11,551.62,347.06,533.98,346.61,552.42,388.31,527.62,387.96,551.08,429.22,520.17,427.85
2369,2022-11-10 13:52:42.405253,265,2,537.94,273.93,541.97,270.77,536.02,271.15,549.32,274.34,533.65,274.99,557.76,295.51,529.93,296.19,576.97,314.18,519.68,315.64,555.38,325.64,528.09,327.99,550.75,348.4,532.64,348.61,551.36,387.6,526.39,387.69,550.69,427.66,519,427.69
2380,2022-11-10 13:53:05.076266,266,2,537.75,274.32,541.6,271.19,535.89,271.52,548.86,274.6,0,0,557.3,295.68,529.98,296.3,576.54,314.64,519.88,315.52,554.86,325.73,527.73,328.2,550.45,347.84,532.99,347.58,551.4,387.38,526.71,388.11,550.4,428.5,518.85,428.31
2391,2022-11-10 13:53:28.735913,267,2,537,275.16,541.07,272,535.03,271.96,548.3,275.39,0,0,556.26,296.45,529.03,297.34,575.87,315.33,519.29,316.36,554.41,326.53,527.11,329.6,549.76,349.67,532.29,349.64,550.5,389.15,525.78,389.91,548.98,430.31,517.32,428.35
2404,2022-11-10 13:53:52.414323,268,2,534.3,272.97,538.23,269.7,531.92,269.79,544.9,272.84,529.79,273.45,553.02,293.63,525.28,295.14,573.08,312.32,515.87,314.14,550.94,324.16,523.25,327.03,546.04,346.14,528.25,345.78,547.42,386.49,522.5,386.86,546.03,426.83,514.37,426.08
2416,2022-11-10 13:54:16.994868,269,2,531.29,273.4,535.54,270.2,529.16,270.15,542.64,273.29,0,0,550.34,294.03,522.8,294.85,570.08,313.19,513.26,314.03,548.18,325.69,520.53,327.29,543.37,346.25,525.19,345.89,543.74,387.51,518.81,387.45,542.85,427.67,512.25,425.87
2428,2022-11-10 13:54:40.608229,270,2,528.07,274.58,532.14,271.32,526.29,271.39,539.59,274.79,0,0,547.77,295.41,519.69,296.3,566.94,314.6,509.87,315.56,546.71,327.26,516.89,328.97,540.14,345.91,522.33,345.72,540.89,386.66,517.2,387.42,539.52,429.21,508.39,427.9
2442,2022-11-10 13:55:06.352392,271,2,527.35,274.55,531.25,271.37,525.46,271.51,538.04,274.62,522.64,274.76,546.76,295.18,519.13,296.33,566.41,315.29,509.11,315.04,545.4,327.15,516.04,328.94,540.42,344.69,521.86,345.17,540.66,387.71,516.24,388.59,538.7,429.54,508.12,428.11
2457,2022-11-10 13:55:33.128218,272,2,526.51,275.03,530.69,271.9,524.41,271.89,538.06,275.74,521.55,274.77,546.38,296.15,518.08,297.38,565.57,315.67,507.67,316.84,544.46,327.07,515.98,330.71,539.5,344.23,521.27,344.73,539.34,386.4,515.61,387.19,537.95,429.69,507.44,428.54
2471,2022-11-10 13:55:57.798419,273,2,524.39,277.33,528.33,274.15,522.11,274.32,536.2,277.77,0,0,544.06,299,516.12,299.24,563.25,318.09,506.03,318.88,541.15,329.03,513.36,332.01,537.12,349.67,519.29,349.78,537.66,392.08,512.64,392.36,535.88,431.17,503.87,432.01
2485,2022-11-10 13:56:22.328936,274,2,520.17,277.27,524.42,274.26,517.85,274.18,531.85,277.79,0,0,539.81,298.31,511.49,298.84,559.34,317.81,502.15,318.66,536.73,329.87,508.17,332.07,532.4,349.65,514.58,349.51,533.43,389.97,508.51,391.94,532.11,431.91,500.21,431.35
2498,2022-11-10 13:56:47.013674,275,2,517.29,275.72,521.38,272.69,514.97,272.49,528.41,275.67,512.86,275.99,536.65,297.07,508.7,298.2,555.92,316.79,499.36,317.76,534.72,327.53,506.65,331.17,529.63,349.7,511.6,349.39,529.87,390.1,505.21,391.11,528.65,430.33,496.99,429.64
2510,2022-11-10 13:57:09.690757,276,2,515.73,277.95,519.74,274.76,513.55,274.82,527.13,278.08,0,0,535.15,299.29,507.13,299.84,554.36,318.33,498.44,319.82,533.21,329.73,505.38,332.64,529.04,351.63,510.45,351.85,528.81,392.7,504.12,393.06,527.34,432.9,495.8,432.62
2521,2022-11-10 13:57:32.260952,277,2,514.82,279.64,518.95,276.35,512.81,276.27,526.78,279.52,0,0,534.32,300.66,506.12,300.89,553.71,319.83,497.35,320.41,532.2,331.1,503.62,333.6,528.37,353.6,509.02,353.6,528.37,393.6,503.07,394.03,526.94,434.63,495.23,433.62
2532,2022-11-10 13:57:54.734262,278,2,516.18,280.39,520.06,277.27,513.61,277.2,527.12,280.4,0,0,535.07,301.08,507.2,301.46,554.93,319.82,498.04,321.06,533.79,332.46,504.39,333.54,528.73,354.23,509.34,354.37,529.09,394.07,503.8,394.42,528.05,435.2,496.66,433.7
2546,2022-11-10 13:58:17.185427,279,2,516.61,281.14,520.76,277.96,514.17,277.89,528.06,281.22,0,0,536.21,301.69,508.33,302.29,556.32,320.9,498.86,322.91,533.91,333.98,505.65,334.73,529.82,353.97,510.57,353.9,530.27,393.94,505.07,393.38,529.01,435.54,496.92,434.36
2559,2022-11-10 13:58:41.730893,280,2,516.4,279.44,520.31,276.16,514.04,276.17,527.61,279.5,0,0,535.63,300.57,507.82,300.66,555.47,319.16,498.57,320.38,533.5,331.23,505.1,333.64,529.05,352.53,510.4,352.66,529.46,392.2,504.49,392.6,528.19,433.85,496.5,432.93
2569,2022-11-10 13:59:03.255898,281,2,517.4,279.73,521.41,276.47,515.12,276.35,528.37,279.91,0,0,536.44,300.81,508.76,301.1,556.88,319.98,499.73,320.72,535.09,330.95,506.38,333.89,530.01,352.85,511.95,352.88,530.9,392.41,505.76,391.75,529.19,434.28,498.05,432.96
2580,2022-11-10 13:59:24.780588,282,2,516.65,280.89,520.73,277.63,514.38,277.58,528.37,280.73,0,0,536.05,301.58,508.28,301.65,556.32,320.94,499.15,321.46,533.8,332.79,505.87,334.45,529.51,354.1,510.93,354.05,530.24,393.21,504.5,392.84,528.73,434.27,497.02,433.8
2591,2022-11-10 13:59:46.114546,283,2,514.82,281,518.98,277.69,512.55,277.64,526.31,280.6,0,0,533.99,301.55,506.16,301.91,553.92,320.58,496.75,321.25,531.2,331.86,503.88,334.31,527.71,352.52,508.62,352.87,528.52,392.95,502.88,392.46,526.61,434.87,494.4,433.89
2602,2022-11-10 14:00:07.604371,284,2,513.08,280.66,517.18,277.42,510.79,277.34,524.43,280.54,508.58,280.56,532.54,301.56,504.51,302.01,551.81,319.34,495.14,320.58,530.38,332.1,502.81,334.39,525.42,353.88,507.68,353.67,526.53,392.24,501.24,392.41,525.52,434.93,492.86,435.08
2615,2022-11-10 14:00:31.132460,285,2,513.07,282.29,517.08,278.98,511.01,279.01,524.04,282.21,508.78,282.36,531.87,303.08,504.53,303.6,551.16,320.89,495.48,323.09,530.99,334.92,503.79,337.44,526.43,356.79,507.34,356.83,526.85,394.53,502.02,394.64,525.72,435.17,493.39,435.75
2627,2022-11-10 14:00:55.634810,286,2,512.37,281.92,516.42,278.82,510.44,278.8,523.79,282.23,508.02,282.16,532.37,303.49,503.45,303.74,550.4,321.02,494.72,322.15,530.32,335.03,501.07,335.6,525.21,356.56,506.78,355.89,525.8,394.53,501.42,394.94,524.88,435.24,492.76,435.4
2638,2022-11-10 14:01:22.312432,287,2,511.85,281.37,515.8,278.39,509.74,278.31,522.38,281.62,507.3,281.62,530.82,303.03,503.37,303.21,549.51,319.88,493.81,321.58,529.98,334.53,500.05,335.73,524.79,355.11,506.27,354.51,525.07,394.63,499.99,394.13,524.16,435.69,492.46,435.04
2651,2022-11-10 14:01:48.842411,288,2,511.83,281.35,515.82,278.38,509.73,278.26,522.69,281.68,507.33,281.61,531.22,303.35,503.13,303.26,549.81,320.08,493.99,321.79,530.39,334.39,500.25,335.12,524.77,356.37,506.29,355.66,525.56,394,500.72,393.67,524.11,434.97,492.8,434.75
2665,2022-11-10 14:02:12.443404,289,2,511.34,281.67,515.39,278.54,509.19,278.62,522.28,282.04,506.71,282.24,530.78,303.78,502.62,303.73,549.38,320.85,493.43,322.46,529.76,335.04,500.3,336.74,524.11,357.69,505.62,356.6,525.12,394.67,500.12,393.84,523.88,436.95,492.3,435.31
2680,2022-11-10 14:02:35.882943,290,2,511.23,280.98,515.16,277.92,508.86,278.18,521.98,281.38,506.61,282.02,530.5,303.06,502.36,303.29,549.41,319.8,493.08,322.13,529.24,334.25,500.41,336.18,524.01,355.15,505.83,355.26,525.25,394.17,500.16,393.52,524.14,435.94,492.53,434.68
2694,2022-11-10 14:02:59.355715,291,2,511.53,280.88,515.39,277.86,509.29,278.06,522.24,281.08,507.02,281.68,530.74,302.62,503.12,302.9,549.16,319.69,493.53,321.48,529.29,333.98,500.19,335.72,524.53,354.05,506.45,354.23,525.21,394.2,500.18,393.69,524.02,435.5,492.6,434.92
2708,2022-11-10 14:03:23.010632,292,2,510.54,280.94,514.36,277.74,508.05,278.13,521.27,281.25,505.75,282.13,529.39,302.48,502.06,303.23,548.69,319.51,491.55,322.52,528.55,333.68,499.93,336.77,523.79,354.21,505.43,353.79,524.24,392.95,498.68,393.09,522.1,435.63,490.94,434.74
2724,2022-11-10 14:03:49.879691,293,2,508.26,280.97,512.3,277.93,505.98,278.02,519.3,281.6,503.18,281.44,527.09,302.69,500.21,302.92,546.22,319.09,490.37,322.38,526.68,332.92,497.02,335.34,521.65,354.63,503.23,354.54,522.43,394.08,496.67,393.28,520.39,435.49,488.95,433.85
2738,2022-11-10 14:04:15.687175,294,2,507.65,280.59,511.68,277.42,505.27,277.65,518.62,281.01,502.61,281.02,526.47,301.61,498.99,301.86,546.26,318.29,489.08,321.1,523.31,332.34,495.59,334.85,520.93,354.69,501.62,353.8,521.22,393.55,496.04,392.99,519.77,435.57,488.01,434.62
2751,2022-11-10 14:04:39.373285,295,2,506.96,279.83,510.88,276.61,504.81,276.71,518.36,279.91,0,0,526.22,301.57,499.11,301.47,546.06,317.93,488.45,320.26,523.77,330.92,495.26,333.98,519.8,353.65,501.11,352.94,520.8,391.44,494.73,390.52,518.84,434.3,486.46,433.32
2764,2022-11-10 14:05:02.983911,296,2,506.75,279.04,510.66,275.74,504.33,276.16,518.27,278.97,0,0,526.09,300.96,499.19,301.11,545.66,318.19,488.44,320.29,522.89,330.74,495.6,333.81,519.92,353.94,501.27,353.07,520.8,391.98,495,390.81,519.28,434.2,487.3,433.42
2777,2022-11-10 14:05:27.543644,297,2,507.45,280.09,511.43,276.78,505.14,277.08,518.73,280.17,0,0,526.39,301.71,499.61,301.65,546.24,318.77,489.09,320.88,522.87,332,495.64,334.31,520.68,354.39,501.83,353.44,521.22,392.67,495.77,392.08,519.5,435.01,488.08,434.13
2791,2022-11-10 14:05:52.053891,298,2,507.13,281.02,511.11,277.82,504.89,278.22,518.15,281.33,502.32,281.69,526.16,302.55,498.86,302.69,544.94,319.31,488.52,322.45,522.91,334.38,495.73,335.68,520,354.46,500.67,354.02,521.02,394.44,495.22,393.02,519.09,435.91,487.37,434.76
2803,2022-11-10 14:06:16.714905,299,2,505.61,282.06,509.35,278.85,503.55,279.15,516.55,282.23,501.19,283.04,525.26,303.73,497.78,304.28,543.14,321.35,487.26,323.75,523.8,335.84,496.15,337.43,518.58,355.78,500.53,355.26,519.45,393.86,493.88,392.88,517.82,436.8,486.29,434.76
2818,2022-11-10 14:06:42.469817,300,2,505.01,284.23,509.06,280.93,502.85,281.2,517.07,284.86,0,0,524.83,305.7,496.74,306.35,544.46,324.69,486.75,325.97,523.05,336.8,495.1,340.41,517.84,358.42,498.69,358.5,519.63,397.02,493.65,396.41,517.65,439.75,484.88,439.25
2831,2022-11-10 14:07:08.071101,301,2,505.15,286.43,508.94,283.25,502.95,283.42,516.44,286.23,0,0,524.82,307.57,497.01,307.78,543.34,326.09,486.74,327.84,522.62,338.09,494.86,342.14,517.84,361.08,498.9,360.84,519.54,398.31,493.06,398.14,517.54,441.68,485.29,440.45
2844,2022-11-10 14:07:32.644227,302,2,504.66,288.48,508.48,285.06,502.64,285.4,515.12,288.23,500.16,289.57,524.17,309.96,495,310.65,542.75,328.85,485.82,330.12,522.44,340.03,492.9,342.93,516.69,360.84,498.53,360.99,518.02,399.34,492.19,398.98,517.29,443.31,484.54,442.97
2856,2022-11-10 14:07:57.138938,303,2,503.99,291.61,507.84,288.37,501.96,288.44,514.85,291.63,499.56,292.2,523.66,313.02,494.98,313.56,542.98,332.37,485.68,333.54,521.75,344.05,492.64,347.24,516.67,366.61,498.63,366.24,517.69,404.9,492.3,404.67,516.58,447.45,484.18,446.54
2868,2022-11-10 14:08:19.734786,304,2,503.66,292.98,507.66,289.82,501.46,289.77,514.82,293.15,0,0,523.22,314.28,495.04,314.94,542.3,333.65,485.75,334.57,520.59,345.02,492.25,348.33,516.35,366.65,498.33,367.48,517.75,406.43,492.23,406.51,516.1,448.74,483.85,448.58
2880,2022-11-10 14:08:45.438807,305,2,504.15,292.91,508.24,289.59,501.76,289.6,515.58,292.63,499.33,293.27,523.5,314.33,495.45,315.23,542.9,333.47,486.32,334.47,521.19,345.49,492.7,348.05,516.84,366.58,498.69,367.19,518.17,405.38,492.81,407.09,517.33,448.81,485.1,448.52
2892,2022-11-10 14:09:11.089412,306,2,506.22,295.33,509.96,292.18,503.91,292.39,517.44,295.29,501.14,296.09,525.24,316.86,497.11,317.23,544.94,335.63,487.56,337.32,522.23,347.89,495.25,351.1,518.41,369.51,499.84,369.79,519.65,408.81,494.09,408.5,518.55,451.26,485.79,450.24
2905,2022-11-10 14:09:36.609146,307,2,504.43,296.72,508.34,293.48,502.44,293.49,515.74,296.45,0,0,523.5,318.33,495.81,318.46,543.2,337.3,486.25,338.15,520.71,350.1,493.92,351.06,516.49,369.59,498.62,370.44,518.16,407.82,492.67,410.08,516.2,450.82,483.75,451.47
2920,2022-11-10 14:10:02.129020,308,2,503.37,295.72,507.17,292.52,501.01,292.56,513.9,295.43,498.65,296.36,521.96,317.49,494.29,318.01,541.99,336.7,485.07,337.16,519.75,348.25,491.2,351.16,515.72,369.61,497.58,370.79,517.34,408.69,491.31,410.26,515.71,450.96,482.45,451.4
2932,2022-11-10 14:10:25.584520,309,2,503.34,297.38,507.08,293.76,500.97,294.11,514.03,297.17,498.39,298.07,522.14,319.01,494.25,319.67,541.98,338.16,484.8,338.93,519.71,351.6,491.87,352.87,515.47,372.64,497.05,372.79,517.25,410.99,491.35,411.3,515.22,453.83,483.3,452.66
2944,2022-11-10 14:10:48.008964,310,2,501.97,297.62,506.11,294.63,499.6,294.73,513.12,297.61,497.24,298.77,521.56,318.91,493,319.79,541.14,338.37,483.79,339.22,519.29,351.28,491.61,353.26,514.71,372.73,496.68,372.96,516,411.18,490.17,410.94,514.58,451.72,481.84,451.85
2955,2022-11-10 14:11:11.443917,311,2,503.69,296.73,507.4,293.62,501.56,293.58,514.35,296.5,499.3,297.4,522.4,318.37,494.84,318.76,542.24,337.56,485.69,337.68,519.84,349.16,491.79,351.18,516.12,369.67,498.03,370.32,517.56,408.54,492.41,408.87,516.71,451.35,484.13,451.13
2965,2022-11-10 14:11:35.974781,312,2,506.1,297.9,509.98,294.64,503.9,294.79,517.23,297.88,501.41,298.32,525.97,319.6,498.15,320.05,545.84,337.9,487.81,339.16,523.67,351.55,496.03,352.51,519.05,372.67,500.7,372.68,520.33,410.43,494.4,409.85,519.05,451.82,487,451.18
2976,2022-11-10 14:12:00.478803,313,2,505.79,297.71,509.42,294.57,503.58,294.77,517.04,297.46,0,0,524.88,319.03,497.25,319.39,544.7,338.42,487.21,339.62,523.19,351.36,495.99,352.36,518.13,372.44,499.98,373.28,519.46,410.45,493.47,411.12,518.01,451.01,484.96,451.32
2986,2022-11-10 14:12:24.912771,314,2,504.54,297.58,508.37,294.07,502.39,294.64,515.36,297.34,0,0,523.42,319.05,495.74,319.51,542.96,338.66,486.09,338.83,521.57,350.34,493.59,351.67,516.84,370.75,498.03,372.3,518.09,409.48,492.44,410.44,516.79,450.75,484.74,451.37
2996,2022-11-10 14:12:47.302925,315,2,503.99,297.68,507.74,294.57,501.71,294.83,514.67,297.12,0,0,522.83,319.21,495.11,319.69,542.87,338.93,485.48,338.94,520.83,350.76,492.57,352.23,516.22,371.97,497.7,372.46,517.67,410.47,492.04,409.85,516.29,452.03,484.75,451.11
3007,2022-11-10 14:13:09.732992,316,2,504.33,297.24,508.11,293.77,502.09,294.33,515.17,297.08,499.71,298.07,522.96,319,495.55,319.51,542.77,338.58,486.01,338.76,521.12,350.69,493.77,351.56,516.6,369.86,498.24,371.22,518.34,408.67,492.69,410.1,516.83,450.86,485.01,451.28
3018,2022-11-10 14:13:33.198314,317,2,506.02,296.83,509.84,293.65,503.88,294.13,516.92,296.72,0,0,525.2,317.97,498.08,317.91,544.66,337.39,488.11,338.09,522.86,349.39,494.81,351.07,518.56,367.5,500.52,366.96,519.71,407.08,494.28,406.56,518.35,450.89,485.48,449.8
3029,2022-11-10 14:13:56.790532,318,2,505.81,296.86,509.35,293.9,503.71,294.08,516.65,296.63,0,0,524.47,317.89,497.66,317.64,543.84,337.13,487.67,338.21,522.31,348.97,494.28,350.69,517.43,366.7,499.54,366.29,518.61,406.99,493.8,406.34,518.05,450.61,484.92,450.57
3039,2022-11-10 14:14:19.248610,319,2,504.36,297.35,508.07,293.91,502.23,294.47,515.29,296.81,0,0,523.23,318.26,496.03,318.05,543.11,337.71,486.68,337.56,519.65,349.33,492.04,350.46,516.58,367.37,498.43,368.33,517.86,407.36,492.86,407.75,516.69,450.65,484.11,451.12
3049,2022-11-10 14:14:42.910289,320,2,504.36,295.54,508.06,292.46,502.15,292.59,515.08,295.32,499.82,296.16,523.03,316.81,496.02,317.01,542.93,336.24,486.47,336.69,519.9,347.32,492.2,350.02,516.65,366.08,498.59,366.22,517.71,406.12,492.9,406.18,516.47,449.79,484.38,448.88
3061,2022-11-10 14:15:07.653949,321,2,504.53,295.63,508.34,292.56,502.33,292.76,515.57,295.45,0,0,523.45,317.06,496.35,316.72,543.2,336.15,486.96,336.96,519.95,347.51,492.48,349.97,516.47,365.7,498.77,366.96,518.19,405.94,493.16,406.39,516.95,450.08,484.29,449.33
3075,2022-11-10 14:15:33.417863,322,2,505.14,296.31,508.87,293.09,502.99,293.43,516.23,295.65,0,0,524.14,317.34,496.97,317.11,543.61,336.47,487.19,337.1,520.63,347.81,493.12,349.8,516.82,367.3,498.93,368.1,518.33,405.43,493.48,406.45,517.66,450.75,484.54,450.28
3091,2022-11-10 14:16:00.208464,323,2,505.24,296.55,508.87,293.31,502.97,293.71,516.08,296.02,0,0,523.88,317.75,496.44,317.51,543.51,336.98,486.99,337.48,520.06,348.45,492.62,350.14,516.76,366.88,498.72,367.48,518.05,406.13,493.33,406.88,517.27,451.18,484.51,451.14
3108,2022-11-10 14:16:29.143432,324,2,504.43,297.09,508.13,293.66,502.27,294.15,515.22,296.72,0,0,523.33,318.5,495.99,318.29,542.98,337.46,486.66,337.58,519.57,349.56,491.79,350.27,516.25,367.78,498.29,368.93,517.53,407.74,492.92,407.26,516.79,451.24,484.68,450.93
3122,2022-11-10 14:16:57.780216,325,2,504.76,298.38,508.58,294.75,502.82,295.33,515.84,297.64,0,0,523.92,319.62,496.4,319.47,543.46,338.97,487.04,339.58,521.36,350.8,493.34,352.3,516.96,371.06,498.71,371.25,518.21,408.99,493.39,408.3,517.47,451.9,485.22,451.49
3134,2022-11-10 14:17:24.360989,326,2,506.02,298.85,509.78,295.54,503.85,295.83,516.86,298.81,501.6,299.67,525.59,320.72,498.06,320.73,545,339.86,487.81,340.92,523.83,350.82,494.95,354,519,371.01,501.08,370.2,519.8,410.14,494.59,408.86,518.88,454.26,486.16,452.74
3149,2022-11-10 14:17:52.184060,327,2,507.34,301,511.22,297.81,505.05,298.04,518.66,300.51,503.1,301.01,526.57,321.99,498.95,322.46,547.05,341.44,488.68,342.64,523.81,353.17,495.47,355.97,520.18,372.98,501.6,372.94,520.63,412.17,495.77,410.94,519.45,454.73,487.19,454.71
3166,2022-11-10 14:18:21.018007,328,2,507.64,301.47,511.52,298.31,505.38,298.49,518.79,300.92,0,0,526.37,322.65,499.42,322.84,547.26,341.79,489.47,343.14,524.21,353.25,496.05,355.71,520.93,373.88,502.59,374.31,520.81,412.55,496.37,411.68,520.69,454.24,487.27,455.61
3183,2022-11-10 14:18:49.821589,329,2,507.51,301.47,511.39,298.21,505.3,298.42,518.87,300.95,0,0,526.55,321.99,499.28,322.63,547.34,341.66,489.35,343.09,524.31,353.32,495.75,355.94,520.38,373.87,502.19,373.93,520.74,412.83,496.14,411.99,519.73,455.12,487.16,455.57
3201,2022-11-10 14:19:17.637158,330,2,507.39,301.4,511.25,298.17,505,298.39,519.08,301.15,502.68,301.74,526.55,322.19,498.84,323.01,547.02,341.68,488.74,342.92,524.03,353.15,495.73,356.1,520.19,374.43,501.63,374.47,520.68,413.2,495.51,412.37,519.45,455.04,486.77,455.72
3218,2022-11-10 14:19:45.477846,331,2,507.1,301.55,511.1,298.21,504.87,298.63,518.28,301.44,502.38,302,526.15,322.3,498.9,322.9,546.27,342.12,488.65,343.13,523.72,353.87,495.92,356.39,519.71,374.31,501.54,374.44,520.8,413.2,495.32,411.86,519.26,455.73,486.93,455.24
3234,2022-11-10 14:20:12.339504,332,2,507.12,301.02,511,297.81,504.93,298.01,518.55,300.71,502.87,301.24,526.21,321.65,499.01,322.3,546.71,341.32,488.4,342.31,524.56,352.63,494.93,356.09,519.72,372.27,501.56,372.47,520.88,412.03,495.65,410.87,519.05,455.21,486.67,455.35
3249,2022-11-10 14:20:38.097546,333,2,506.79,300.16,510.86,296.94,504.55,297.13,518.13,300.19,502.08,300.41,525.97,320.84,498.75,321.26,546.96,340.8,487.9,341.44,524.3,352.89,495.12,355.34,519.23,371.53,500.83,372.64,520.24,411.35,495.18,410.71,518.84,454.6,486.46,454.11
3263,2022-11-10 14:21:03.787703,334,2,505.58,300.09,509.53,296.88,503.38,297.11,517.19,299.79,0,0,525.07,320.98,497.54,321.53,545.35,340.51,487.35,342.15,523.68,352.68,495.03,355.81,518.29,371.25,500.19,373.21,519.49,411.24,494.33,410.82,518.22,455.51,485.03,455.28
3277,2022-11-10 14:21:31.526839,335,2,504.71,301.37,508.58,298.08,502.47,298.33,516.28,301.02,0,0,524.55,322.22,496.47,322.75,543.94,341.99,486.66,343.12,522.44,353.59,494.38,356.1,517.52,372.79,498.72,373.08,518.32,411.48,493.58,411.21,517.72,455.63,485.27,455.53
3292,2022-11-10 14:21:59.383040,336,2,505.1,300.71,509.04,297.42,502.9,297.78,517.06,300.99,0,0,524.46,321.59,496.53,322.65,544.32,341.42,486.74,342.9,522.78,353.44,494.64,356.09,517.5,371.66,498.83,372.72,518.77,411.38,493.88,410.9,518.09,455.87,485.16,455.43
3308,2022-11-10 14:22:28.331888,337,2,504.4,301.19,508.37,297.85,502.18,298.15,516.13,301.1,0,0,523.71,321.47,495.83,322.36,543.44,341.18,486.04,342.82,522.22,352.35,492.89,356.07,517.1,372.36,498.59,372.97,517.99,411.36,493.1,411.44,517.23,456.17,484.93,455.22
3322,2022-11-10 14:22:56.238673,338,2,503.6,300.91,507.18,297.66,501.3,297.97,514.25,300.11,499.16,301.61,523.36,321.48,494.1,322.16,542.19,341.46,485.09,342.84,520.62,352.76,491.76,355.97,516.24,372.63,497.78,372.58,516.31,411.28,492.23,411.38,515.21,454.88,483.52,454.87
3335,2022-11-10 14:23:23.088812,339,2,501.59,300.15,505.44,296.99,499.01,297.18,512.38,300.2,496.86,301.12,521.12,321.24,492.97,322.26,539.97,340.18,483.67,341.98,519.27,352.31,490.34,355.47,514.45,372.85,495.89,372.72,515.06,411.05,489.91,411.67,513.16,454.77,480.76,454.29
3348,2022-11-10 14:23:49.938834,340,2,500.64,299.96,504.5,296.84,498.15,296.81,511.23,299.91,495.71,300.25,519.92,320.85,491.29,321.77,539.06,339.69,482.25,341.86,519.22,351.55,489.07,354.97,513.5,372.23,494.75,372.83,514.05,412.01,488.66,412.76,512.66,454.5,480.37,453.98
3362,2022-11-10 14:24:15.675692,341,2,501.59,300.09,505.44,296.94,499.04,297.14,512.39,300.14,496.91,301.06,521.09,321.19,492.4,322.09,540.09,340.2,483.27,342.2,520.34,351.21,490.18,355.41,514.4,372.24,496.16,371.85,515.73,411.4,490.28,411.27,513.49,455.18,481.44,455.35
3376,2022-11-10 14:24:43.771380,342,2,502.56,299.14,506.42,295.9,500.21,296.18,513.34,299.2,497.97,300.29,522.47,319.58,493.8,321.09,541.31,339.26,484.21,340.83,519.6,351.26,491.29,354.03,515.3,368.87,497.47,370.17,516.04,409.51,491.01,409.08,514.44,452.45,482.16,453.32
3390,2022-11-10 14:25:12.254637,343,2,502.57,297.92,506.46,294.82,500.27,295.03,513.24,298.38,498.1,299.26,522.11,318.81,493.8,319.7,541.24,338.32,484.18,339.24,518.9,350.6,491.52,352.61,515.11,369.49,496.86,369.65,515.94,408.73,490.66,408.18,514.49,450.87,481.91,452.24
3402,2022-11-10 14:25:37.740004,344,2,502.63,297.59,506.27,294.74,500.31,294.91,513.31,297.54,498.22,299.12,521.55,318.85,493.83,319.32,541.35,338.42,484.13,339.24,518.71,350.64,491.6,352.53,515.21,369.39,496.86,369.78,515.97,408.97,490.54,408.44,514.2,451.55,481.34,452.11
3415,2022-11-10 14:26:02.313460,345,2,502.62,297.53,506.34,294.3,500.44,294.67,513.12,297.56,498.31,298.99,521.43,318.63,493.68,319.19,541.45,338.12,484.15,338.98,518.66,350.44,491.25,352.19,515.09,369.18,496.85,369.71,515.95,408.72,490.51,407.91,514.16,451.51,481.46,451.41
3427,2022-11-10 14:26:28.482506,346,2,503.05,296.01,506.85,293,501,292.99,513.55,296.21,0,0,522.07,317.48,494.4,318.18,542.03,337.18,484.7,337.1,518.32,347.84,490.44,350.43,515.5,368.17,497.23,368.76,516.51,407.74,491.14,408.52,514.73,451.05,481.79,451.2
3443,2022-11-10 14:26:54.244250,347,2,503.11,295.92,506.9,292.92,501.13,292.86,513.85,295.92,0,0,521.69,317.32,494.35,317.74,542.08,336.91,484.9,337.44,518.29,348.05,490.76,350.79,515.55,367.75,497.42,368.28,516.52,407.24,491.17,407.84,514.68,451.06,482.19,451.28
3458,2022-11-10 14:27:19.943528,348,2,502.9,295.83,506.72,292.79,500.61,292.8,513.34,296.07,498.23,296.32,521.56,317.19,493.86,317.76,541.56,336.61,484.15,337.19,518.68,347.66,490.1,350.27,514.95,367.64,496.91,368.4,515.84,407.1,490.39,407.46,514.38,450.75,481.23,451.43
3472,2022-11-10 14:27:44.621698,349,2,503.62,295.52,507.18,292.37,501.62,292.63,514.24,295.32,0,0,522.35,317.23,494.86,317.47,542.26,336.85,485.28,337.11,519.19,347.73,492.02,350.66,515.95,367.14,497.89,367.73,517.13,407.55,492.26,407.87,515.64,450.46,482.8,450.41
3486,2022-11-10 14:28:09.252363,350,2,505.84,296.33,509.61,293.27,503.67,293.46,516.66,296.14,501.28,297.06,524.88,317.93,497.13,318.51,543.79,336.64,487.16,338.29,522.13,348.12,494.36,350.51,517.96,368.16,499.08,368.15,519.09,407.05,493.85,407.87,517.99,449.42,485.06,451.28
3501,2022-11-10 14:28:33.683829,351,2,506.55,297.95,510.22,294.75,504.33,295.14,517.67,297.76,502.13,298.52,525.54,319.02,498.25,319.38,544.87,338.74,487.59,339.41,523.11,351.13,496.01,352.5,518.95,370.12,499.79,370.06,520.29,409.88,494.88,409.9,518.38,451.46,485.93,451.44
3516,2022-11-10 14:28:58.110598,352,2,506.26,298.58,509.91,295.17,504.11,295.44,517.02,298.66,501.89,299.23,525.87,320.3,498.01,320.41,545.41,339.39,487.48,340.39,523.69,351.35,496.03,353.47,519.4,371.21,501.08,370.41,520.2,410.8,494.69,410.25,518.59,452.93,485.93,452.01
3530,2022-11-10 14:29:22.580079,353,2,508.29,299.27,512.19,296.07,505.95,296.36,519.09,299.39,503.5,299.96,526.7,320.94,499.5,320.77,548.04,339.87,488.89,341.1,526.67,351.54,497.22,354.78,521.41,373.38,502.51,373.01,522,411.46,496.75,411.65,520.6,453.58,488.68,452.44
3546,2022-11-10 14:29:48.125444,354,2,510.55,299.09,514.2,295.74,507.89,296.2,521.19,298.97,505.69,300.11,528.89,319.52,501.57,320.56,549.99,339.55,491.29,341.15,529.42,351.25,499.75,355.06,523.15,371.28,505.1,371.28,523.34,409.86,498.8,410.57,522.65,453,490.35,451.98
3561,2022-11-10 14:30:14.817221,355,2,510.24,299.97,514.21,296.79,507.68,297.08,521.13,300.4,505.4,300.82,528.91,321.3,500.93,322.17,549.4,340.7,490.9,342.76,528.77,351.72,499.91,355.78,522.75,371.87,504.64,372.75,523.38,411.22,498.53,412.17,521.88,454.77,489.23,455.02
3575,2022-11-10 14:30:42.544380,356,2,507.33,300.21,511.32,297.11,505.17,297.27,519.27,300.31,503.37,300.58,526.6,321.51,498.98,321.83,547,340.99,488.21,341.75,524.71,351.69,495.88,355,519.9,373.18,501.34,373.01,520.79,413.17,495.32,412.84,518.82,455.2,486.53,454.39
3590,2022-11-10 14:31:10.230530,357,2,504.87,299.15,508.71,295.82,502.87,296.13,515.97,298.98,0,0,524.59,320.39,496.51,320.82,543.76,340.16,486.46,341.53,523.14,352.1,494.68,353.6,517.44,371.34,498.8,372.26,518.33,410.02,493.62,410.04,517.24,453.25,484.56,452.79
3603,2022-11-10 14:31:36.791240,358,2,505.55,299.27,509.49,296.12,503.5,296.2,516.76,299.3,501.95,300.27,525.34,321.07,496.96,321.22,545.5,340.68,487.03,342.09,524.29,351.67,495.52,354.32,518.88,372.16,499.35,372.58,519.4,410.61,494.41,409.95,518.18,454.64,485.5,453.83
3617,2022-11-10 14:32:02.330882,359,2,508.21,300.05,512.2,297.08,505.93,296.99,518.88,300.53,503.23,300.11,526.98,321.43,499.15,321.64,547.91,340.79,489.01,341.92,525.95,352.19,496.9,355.42,521.62,372.51,503.03,372.99,522.04,412.58,497.01,412.33,520.6,455.28,488.52,453.79
3632,2022-11-10 14:32:28.904381,360,2,509.74,300.32,513.63,297.2,507.26,297.55,520.49,300.95,505.06,301.36,528.5,321.59,500.3,322.37,549.38,340.86,490.81,342.45,528.11,351.91,498.4,355.96,522.73,371.31,504.64,372.06,522.66,410.6,498.67,411.25,521.13,455.26,488.68,455.34
3647,2022-11-10 14:32:55.573416,361,2,508.82,300.3,512.73,297.15,506.43,297.29,519.9,300.92,504.21,301.18,527.36,321.85,499.25,322.53,548.41,340.61,489.32,342.42,526.2,351.45,497.02,355.35,522,372.89,503.23,373.5,521.84,411.57,496.92,411.99,520.07,454.64,486.9,454.51
3659,2022-11-10 14:33:21.205538,362,2,506.85,300.19,510.82,297.05,504.55,297.2,517.96,300.29,501.9,300.41,525.99,321.04,497.98,322.22,546.55,340.48,487.82,342.14,523.74,352.4,495.06,354.87,519.31,372.81,500.38,373.29,520.29,412.02,494.85,412.05,518.43,455.15,485.05,454.9
3674,2022-11-10 14:33:50.158604,363,2,507.01,300.29,510.93,297.22,504.9,297.29,518.12,300.3,503.22,300.62,526.04,321,498.68,321.78,546.65,340.63,487.85,341.79,523.9,351.94,495.11,354.74,519.63,371.94,500.98,372.6,520.64,412.38,495.28,412.06,518.5,455.16,485.57,455.2
3687,2022-11-10 14:34:17.809513,364,2,508.58,301.01,512.64,297.94,506.33,298.14,520.17,301.35,504.21,301.61,527.56,322.02,499.62,322.78,548.29,341.3,489.86,343.06,526.16,352.92,496.95,355.71,522.12,373.08,503.34,373.53,521.97,411.88,497.09,412,519.95,455.28,487.57,454.62
3701,2022-11-10 14:34:44.485764,365,2,509.03,299.81,513,296.75,506.43,296.85,519.71,300.41,504.32,300.67,527.56,321.48,499.6,321.6,548.26,340.61,489.38,341.79,526.11,351.13,496.89,355.2,521.73,373.62,503.29,373.46,521.62,411.3,496.9,411.77,519.5,454.73,487.22,454.38
3715,2022-11-10 14:35:11.076745,366,2,507.82,300.9,511.7,297.82,505.62,297.91,518.91,300.83,0,0,526.44,322.18,499.36,322.2,547.55,341.34,488.96,342.41,524.95,353.01,496.2,355.68,521.23,373.37,502.73,373.3,520.94,412.06,496.15,411.54,519.19,455.32,486.6,454.87
3730,2022-11-10 14:35:37.663146,367,2,507.93,301.43,511.93,298.36,505.84,298.37,519.31,301.34,0,0,526.28,322.32,499.46,322.56,547.64,341.39,489.24,343.22,525.54,352.85,497,356.28,521.11,372.97,502.97,373.03,520.67,411.46,495.9,410.75,519.68,454.46,487.1,454.79
3743,2022-11-10 14:36:02.443069,368,2,508.58,301.2,512.51,298.02,506.36,298.37,520.14,301.38,504.22,301.75,527.42,322.2,499.95,322.63,548.16,341.26,489.81,343,525.89,353.13,497.3,355.76,521.73,373.2,503.36,373.55,521.66,411.7,496.95,412.23,519.91,455.09,487.6,454.48
